Tweet ID,Tweet created date,Tweet,Retweet count,Tweet source,User ID,User location,User follower,User name,Friends count,Status count,Language,Tweeted date
8.42E+17,Thu Mar 16 12:14:25 +0000 2017,RT @Moto_IND: #Uncompromise on everything that you want in a phone with the #motog5plus. Starting at Rs.14 999  only on @Flipkart. https://...,0,Twitter for Android,2250254370,Mumbai  Maharashtra  India,None,maikaladka,1410,38610,en,16-03-2017
8.42E+17,Thu Mar 16 12:15:16 +0000 2017,RT @Flipkart: Most of you guessed it right! Are you guys geared up to win the #MotoG5Plus and some more exciting prizes? RT this and we wil...,0,Twitter for Android,2268247584,Hyderabad,None,OmmBishal,337,7522,en,16-03-2017
8.42E+17,Thu Mar 16 12:15:37 +0000 2017,RT @Moto_IND: #Uncompromise on everything that you want in a phone with the #motog5plus. Starting at Rs.14 999  only on @Flipkart. https://...,0,Twitter for Android,8.42E+17,  ,None,Sandeep23357686,47,1,en,16-03-2017
8.42E+17,Thu Mar 16 12:15:43 +0000 2017,@AMBRANEINDIA  launches new affordable tablet https://t.co/Rzm5Y7VB17  #Technology #motog5plus #DeliveredAsPromised #TimeToGetSmarter,0,Twitter Web Client,7.86E+17,Mumbai  India,None,LovelyMonica94,1632,874,en,16-03-2017
8.42E+17,Thu Mar 16 12:16:27 +0000 2017,RT @Moto_IND: #Uncompromise on everything that you want in a phone with the #motog5plus. Starting at Rs.14 999  only on @Flipkart. https://...,0,Twitter for Android,8.37E+17,India ,None,PrithaChkravrty,1445,8,en,16-03-2017
8.42E+17,Thu Mar 16 12:16:42 +0000 2017,RT @Moto_IND: #Uncompromise on everything that you want in a phone with the #motog5plus. Starting at Rs.14 999  only on @Flipkart. https://...,0,Twitter for iPhone,3186295416,Chennai ,None,sidarth157549,751,763,en,16-03-2017
8.42E+17,Thu Mar 16 12:17:36 +0000 2017,@Moto_IND @Flipkart Great phone  Great offers  ordered it today. #MotoG5Plus Lunar Grey 4gb/32Gb.,0,Twitter for Android,157628069,Bhopal  India,None,gajendrapotter,325,47,en,16-03-2017
8.42E+17,Thu Mar 16 12:17:47 +0000 2017,RT @Flipkart: Most of you guessed it right! Are you guys geared up to win the #MotoG5Plus and some more exciting prizes? RT this and we wil...,0,Mobile Web (M5),7.81E+17,Noida  India,None,Techy_SJ,75,7,en,16-03-2017
8.42E+17,Thu Mar 16 12:18:22 +0000 2017,RT @Moto_IND: The new #motog5plus has arrived! Grab the amazing launch-day offers. Only on @Flipkart  starting Rs 14 999 Buy now... ,0,Twitter for Android,162852315,Kalyan  Maharashtra,None,ChandraBhan_Y,93,1388,en,16-03-2017
8.42E+17,Thu Mar 16 12:18:46 +0000 2017,RT @Moto_IND: #Uncompromise on everything that you want in a phone with the #motog5plus. Starting at Rs.14 999  only on @Flipkart. https://...,0,Twitter for Android,7.87E+17,Amritsar  India,None,nakulrally19,37,92,en,16-03-2017
8.42E+17,Thu Mar 16 12:20:40 +0000 2017,Brass Made Peacock Door Hook (PID-169) for more products https://t.co/jDh8Mp9ZXE #Brass #Door #Hook #Peacock... https://t.co/ibLEir6MPJ,0,Twitter Web Client,8.30E+17,New Delhi  India,None,ExcelArtCrafts,487,179,en,16-03-2017
8.42E+17,Thu Mar 16 12:21:00 +0000 2017,Get a #PG on #Rent for boys or girls in any city of #India with the help of #Rent2cash. https://t.co/6dxaAiMUkk... https://t.co/5rO6e2bSxG,0,Twitter Web Client,2801547805,India,None,Rent2cash01,2925,10272,en,16-03-2017
8.42E+17,Thu Mar 16 12:21:01 +0000 2017,RT @jabv02: Nada mal la camara de el #MotoG5Plus sin duda un paso en la direccion correcta @Moto_MEX  el video ya en linea... ,0,Twitter for iPhone,36660614,Mexico City,None,juliendonnelait,9048,43664,es,16-03-2017
8.42E+17,Thu Mar 16 12:21:36 +0000 2017,RT @RajasreeDas94: #MotoG5Plus  #LetUsUncompromise  I will not compromise with my modesty. Stand up against what is wrong. @Moto_IND @Flipk...,0,Twitter for iPhone,56965808,India,None,bharat2004,480,34229,en,16-03-2017
8.42E+17,Thu Mar 16 12:21:37 +0000 2017,RT @Moto_IND: #Uncompromise on everything that you want in a phone with the #motog5plus. Starting at Rs.14 999  only on @Flipkart. https://...,0,Twitter for Android,8.39E+17,  ,None,Sukhvee07708519,45,6484,en,16-03-2017
8.42E+17,Thu Mar 16 12:21:39 +0000 2017,RT @tecnocat01: Hermoso el Moto G5 Plus creado de cuerpo metalico y diseno Premium @Moto_MEX @lenovoMX  #hellomoto  #MotoG5Plus https://t.c...,0,Twitter for iPhone,36660614,Mexico City,None,juliendonnelait,9048,43669,es,16-03-2017
8.42E+17,Thu Mar 16 12:22:34 +0000 2017,RT @Moto_IND: #Uncompromise on everything that you want in a phone with the #motog5plus. Starting at Rs.14 999  only on @Flipkart. https://...,0,Twitter Web Client,1582365416,Bengaluru  India,None,umashankar325a,53,39,en,16-03-2017
8.42E+17,Thu Mar 16 12:25:08 +0000 2017,RT @Moto_IND: The new #motog5plus has arrived! Grab the amazing launch-day offers. Only on @Flipkart  starting Rs 14 999 Buy now... ,0,Twitter for Android,103877848,India,None,manojmaurya79,191,459,en,16-03-2017
8.42E+17,Thu Mar 16 12:25:43 +0000 2017,RT @Moto_IND: #Uncompromise on everything that you want in a phone with the #motog5plus. Starting at Rs.14 999  only on @Flipkart. https://...,0,Twitter for Android,7.47E+17,Ferozepur,None,rubby123456789,41,13103,en,16-03-2017
8.42E+17,Thu Mar 16 12:25:48 +0000 2017,RT @Moto_IND: #Uncompromise on everything that you want in a phone with the #motog5plus. Starting at Rs.14 999  only on @Flipkart. https://...,0,Twitter for iPhone,307282621,Bengaluru  India,None,RIPPERTMS,192,262,en,16-03-2017
8.42E+17,Thu Mar 16 12:26:09 +0000 2017,RT @Dhananjay_Tech: I just bought 4GB Moto G5+ Buy now GREY- https://t.co/DRTpA5mSZk GOLD- https://t.co/b5ui8B4YPT 3GB-... ,0,Twitter Web Client,2894370894,Mumbai,None,Dhananjay_Tech,104,8598,en,16-03-2017
8.42E+17,Thu Mar 16 12:27:20 +0000 2017,What Not to do in Interview : Srinath Vasudevan  MICA https://t.co/zYzSDz2AAE #motog5plus #NotJustRoadsWeTakeYouToDoors #TalkingStore,0,Twitter Web Client,7.18E+17,India,None,SharmaSneha7,138,513,en,16-03-2017
8.42E+17,Thu Mar 16 12:27:33 +0000 2017,I was big time fan of #moto #mobile but after buying #MotoG4Plus little upset due to stratchs on rear #camera #glass #MotoG5Plus #Lenovo#rs5,0,Mobile Web (M5),205866316,New Delhi India,None,OMGMohit,217,475,en,16-03-2017
8.42E+17,Thu Mar 16 12:27:36 +0000 2017,RT @Moto_IND: #Uncompromise on everything that you want in a phone with the #motog5plus. Starting at Rs.14 999  only on @Flipkart. https://...,0,Twitter Web Client,2804077680,Chennai  India,None,abcvignesh,113,11,en,16-03-2017
8.42E+17,Thu Mar 16 12:28:55 +0000 2017,RT @Moto_IND: #Uncompromise on everything that you want in a phone with the #motog5plus. Starting at Rs.14 999  only on @Flipkart. https://...,0,Twitter for iPhone,7.66E+17,New Delhi  India,None,Anitajain66,383,1837,en,16-03-2017
8.42E+17,Thu Mar 16 12:33:24 +0000 2017,RT @Moto_IND: #Uncompromise on everything that you want in a phone with the #motog5plus. Starting at Rs.14 999  only on @Flipkart. https://...,0,Twitter for Android,8.38E+17,Patiala  India,None,KrishanRadha4,73,1309,en,16-03-2017
8.42E+17,Thu Mar 16 12:33:31 +0000 2017,RT @Moto_IND: #Uncompromise on everything that you want in a phone with the #motog5plus. Starting at Rs.14 999  only on @Flipkart. https://...,0,Twitter for Android,3930687612,dighwara chapra bihar,None,ami841207,161,4634,en,16-03-2017
8.42E+17,Thu Mar 16 12:37:45 +0000 2017,RT @Moto_IND: #Uncompromise on everything that you want in a phone with the #motog5plus. Starting at Rs.14 999  only on @Flipkart. https://...,0,Twitter for Android,74037303,Kolkata,None,sanjay_S13,65,324,en,16-03-2017
8.42E+17,Thu Mar 16 12:38:24 +0000 2017,RT @igyaan: Moto Moto G5 Plus Launched in India On Sale Midnight Tonight https://t.co/3aa2XViQl6 #MotoG5Plus #links #Specificiations,0,Twitter for Android,374987986,Solapur  Mangalwedha.,None,MahibubPatil,34,7076,en,16-03-2017
8.42E+17,Thu Mar 16 12:38:40 +0000 2017,RT @Moto_IND: #Uncompromise on everything that you want in a phone with the #motog5plus. Starting at Rs.14 999  only on @Flipkart. https://...,0,Twitter for Android,7.82E+17,Gurur,None,KalyanPSPKFoll2,276,457,en,16-03-2017
8.42E+17,Thu Mar 16 12:42:32 +0000 2017,RT @Moto_IND: #Uncompromise on everything that you want in a phone with the #motog5plus. Starting at Rs.14 999  only on @Flipkart. https://...,0,Twitter for Android,4162405775,Surat  Gujarat,None,vishdevmurari2,323,2585,en,16-03-2017
8.42E+17,Thu Mar 16 12:48:44 +0000 2017,RT @Moto_IND: #Uncompromise on everything that you want in a phone with the #motog5plus. Starting at Rs.14 999  only on @Flipkart. https://...,0,Twitter for Android,25289710,Mangalore,None,Rahulk03,75,11,en,16-03-2017
8.42E+17,Thu Mar 16 12:48:59 +0000 2017,RT @Moto_IND: #Uncompromise on everything that you want in a phone with the #motog5plus. Starting at Rs.14 999  only on @Flipkart. https://...,0,Twitter for iPhone,163163899,Andheri mumbai,None,aniketh94,231,805,en,16-03-2017
8.42E+17,Thu Mar 16 12:49:17 +0000 2017,#motog5plus https://t.co/HAkhR7eZ4c,0,Twitter Web Client,2687209040,Manchester  UK,None,pico_bags,2148,2186,en,16-03-2017
8.42E+17,Thu Mar 16 12:50:02 +0000 2017,#InesBrasilNoTheNoite  #ThankYouNamjoon  #BeautyAndTheBeast  #MotoG5Plus  #the100 https://t.co/gcU0ciJo7V,0,Twitter for Android,3188400099,Minas Gerais ,None,lauraalvess11,64,110,pt,16-03-2017
8.42E+17,Thu Mar 16 12:50:06 +0000 2017,RT @advaith11yo: who is the best #young bollywood actor #RanbirKapoor #RanveerSingh #varundhawan #SidharthMalhotra #Baahubali2trailer #hond...,0,Twitter for Android,3504869778,Iraq,None,VarunsPrincess_,146,15074,en,16-03-2017
8.42E+17,Thu Mar 16 12:50:32 +0000 2017,RT @Moto_IND: #Uncompromise on everything that you want in a phone with the #motog5plus. Starting at Rs.14 999  only on @Flipkart. https://...,0,Twitter for Android,1391715697,Mulund(E)Mumbai400081,None,nisargan2000,24,10,en,16-03-2017
8.42E+17,Thu Mar 16 12:51:14 +0000 2017,RT @Moto_IND: #Uncompromise on everything that you want in a phone with the #motog5plus. Starting at Rs.14 999  only on @Flipkart. https://...,0,Twitter for Android,254427117,Pune  India,None,sandy6852,796,68,en,16-03-2017
8.42E+17,Thu Mar 16 12:51:16 +0000 2017,RT @Moto_IND: #Uncompromise on everything that you want in a phone with the #motog5plus. Starting at Rs.14 999  only on @Flipkart. https://...,0,Twitter for Android,2307360354,chennai,None,thisispsk,188,5009,en,16-03-2017
8.42E+17,Thu Mar 16 12:52:12 +0000 2017,RT @Moto_IND: #Uncompromise on everything that you want in a phone with the #motog5plus. Starting at Rs.14 999  only on @Flipkart. https://...,0,Twitter for Android,8.37E+17,Saraimeera Kannauj  India,None,ArunMisra20,520,1266,en,16-03-2017
8.42E+17,Thu Mar 16 12:52:54 +0000 2017,RT @Moto_IND: #Uncompromise on everything that you want in a phone with the #motog5plus. Starting at Rs.14 999  only on @Flipkart. https://...,0,Twitter for Android,8.38E+17,komarapalayam,None,MukeshK41576478,72,1,en,16-03-2017
8.42E+17,Thu Mar 16 12:53:27 +0000 2017,nice    https://t.co/AcagTYsM9n,0,Twitter Web Client,3001215739,Madhya Pradesh  India,None,dineshpanna2,359,8073,en,16-03-2017
8.42E+17,Thu Mar 16 12:53:32 +0000 2017,RT @Moto_IND: #Uncompromise on everything that you want in a phone with the #motog5plus. Starting at Rs.14 999  only on @Flipkart. https://...,0,Twitter for iPhone,4676224034,Pune,None,asheetal89,1651,602,en,16-03-2017
8.42E+17,Thu Mar 16 12:54:04 +0000 2017,RT @Moto_IND: #Uncompromise on everything that you want in a phone with the #motog5plus. Starting at Rs.14 999  only on @Flipkart. https://...,0,Twitter for iPhone,192306004,Indian occupied Kashmir,None,zahoorrather,65,29802,en,16-03-2017
8.42E+17,Thu Mar 16 12:56:23 +0000 2017,Does the #MotoG5Plus support OTG?? @Moto_IND,0,Twitter for Android,343917384,India,None,smilingnikhil,667,1068,en,16-03-2017
8.42E+17,Thu Mar 16 12:56:36 +0000 2017,#MotoG5Plus Super #Exchange Offer Get Up to 15 000 Off Exchange On #PaisaOne  #GetOffers:-https://t.co/8iJ2LJJJ8M https://t.co/vRChOWVczx,0,Twitter Web Client,7.63E+17,India,None,PaisaOne_Ind,1775,1560,en,16-03-2017
8.42E+17,Thu Mar 16 12:57:06 +0000 2017,#motog5plus #AssuredHaiKya #HappyRich Maxwell 82 BJP UP Indian EVMs Chano Steve Smith Poll    played #AB brother s role in #SARKAR,0,Twitter for Android,8.40E+17,Delhi  India,None,mrdeepsar,0,92,en,16-03-2017
8.42E+17,Thu Mar 16 12:57:26 +0000 2017,RT @Moto_IND: #Uncompromise on everything that you want in a phone with the #motog5plus. Starting at Rs.14 999  only on @Flipkart. https://...,0,Twitter for Android,552679289,India,None,yogendrayogi17,921,302,en,16-03-2017
8.42E+17,Thu Mar 16 12:57:45 +0000 2017,RT @Moto_IND: #Uncompromise on everything that you want in a phone with the #motog5plus. Starting at Rs.14 999  only on @Flipkart. https://...,0,Twitter for Android,2375391349,Bengaluru karnataka ,None,3f58ee17d4d34bb,5004,46542,en,16-03-2017
8.42E+17,Thu Mar 16 12:57:47 +0000 2017,RT @ladyluck_16: @Flipkart @Moto_IND  I m soo done wid compromising on mobiles it s da time to UNCOMPROMISE now wid supercool... ,0,Twitter for Android,2578210898,Churu  India,None,09sailesh,769,86366,en,16-03-2017
8.42E+17,Thu Mar 16 12:58:17 +0000 2017,@Lenovo_in @Flipkart  good to c  that it assigned xchng value of Rs 2100 for a 6 mth old phone.. Thts all its worth? #MotoG5Plus  2/2,0,Twitter for Android,95842767,Hyderabad,None,GvRsubbu,153,32627,en,16-03-2017
8.42E+17,Thu Mar 16 12:59:24 +0000 2017,@wereadyu treat and style your hair at #salon or your door. #Ahmedabad #haircut #hairstyle  #haircolor #motog5plus... https://t.co/FZmhNYAr0w,0,Twitter Web Client,8.24E+17,Ahmadabad City  India,None,wereadyu,1019,199,en,16-03-2017
8.42E+17,Thu Mar 16 13:01:09 +0000 2017,      https://t.co/XQ9qQAuLft,0,Twitter for Android,2292098688,india,None,rameshagrawal95,826,176890,en,16-03-2017
8.42E+17,Thu Mar 16 13:01:27 +0000 2017,#MotoG5Plus Price  Specification &amp; Availability  https://t.co/5kJ7Lyxg1d,0,Twitter Web Client,70069347,India,None,logixsnag,54,522,en,16-03-2017
8.42E+17,Thu Mar 16 13:01:45 +0000 2017,#MotoG5Plus Price  Specification &amp; Availability  https://t.co/5kJ7Lyxg1d,0,Twitter Web Client,70069347,India,None,logixsnag,54,522,en,16-03-2017
8.42E+17,Thu Mar 16 13:01:48 +0000 2017,@C4ETech Does the #MotoG5Plus support OTG??,0,Twitter for Android,343917384,India,None,smilingnikhil,667,1069,en,16-03-2017
8.42E+17,Thu Mar 16 13:03:14 +0000 2017,RT @gizbotcom: Check out the first impressions of #MotoG5Plus on #Gizbot @Moto_IND  https://t.co/h8kN07JsTI https://t.co/FKXuAkdMwq,0,TweetCaster for Android,2489406807,India,None,JanuzajtheRed,12048,120116,en,16-03-2017
8.42E+17,Thu Mar 16 13:04:24 +0000 2017,RT @fh_experience: Glad to have partnered with @Moto_IND once again for launching the all new #MotoG5Plus. #MotoG5PlusOnFlipkart https://t....,0,Twitter Web Client,143342834,Bengaluru South  India,None,rikin17,119,337,en,16-03-2017
8.42E+17,Thu Mar 16 13:05:26 +0000 2017,#MotoG5Plus price 17k.  Buyback Amt. After 6 months 7k Depreciation 10k for 6 mths. @Flipkart needs to learn what is reasonable depreciation,0,Twitter for Android,57656265,Mumbai  India,None,meghaltweets,846,2647,en,16-03-2017
8.42E+17,Thu Mar 16 13:07:13 +0000 2017,RT @Moto_IND: #Uncompromise on everything that you want in a phone with the #motog5plus. Starting at Rs.14 999  only on @Flipkart. https://...,0,Twitter for Android,7.40E+17,Bengaluru  India,None,its_aayush_GG,9,7316,en,16-03-2017
8.42E+17,Thu Mar 16 13:07:23 +0000 2017,Invierte en #tulum condominios d lujo #informes 9841526662 #MotoG5Plus #RealEstate #RealEstateAdvice  #FelizJueves  https://t.co/oVQR6GEGdK,0,Twitter for Android,168719735,Mexico,None,Realty_Maya,22812,23343,es,16-03-2017
8.42E+17,Thu Mar 16 13:07:25 +0000 2017,https://t.co/PU2ACvwggO #MotoG5Plus #Features #Specs,0,Twitter for Android,134750822,karimnagar,None,durshetyrakesh,403,266,en,16-03-2017
8.42E+17,Thu Mar 16 13:07:34 +0000 2017,RT @Moto_IND: #Uncompromise on everything that you want in a phone with the #motog5plus. Starting at Rs.14 999  only on @Flipkart. https://...,0,Twitter for Android,8.39E+17,N/A,None,musebahmed1,68,2,en,16-03-2017
8.42E+17,Thu Mar 16 13:07:45 +0000 2017,Done!! My #MotoG5Plus is on It s way...,0,Twitter for Android,67296179,Kolkata  India,None,Tihomgouthi,1580,13138,en,16-03-2017
8.42E+17,Thu Mar 16 13:08:10 +0000 2017,Top 10 Features That Make You Buy MOTO G 5 Plus - {Moto G5 Specs} https://t.co/BWCt5mqLC0 via @YouTube #MotoG5Plus,0,Twitter Web Client,1920942914,Hyderabad,None,KretyaNews,1040,1683,en,16-03-2017
8.42E+17,Thu Mar 16 13:10:02 +0000 2017,RT @Moto_IND: #Uncompromise on everything that you want in a phone with the #motog5plus. Starting at Rs.14 999  only on @Flipkart. https://...,0,Twitter for Android,8.40E+17,Dadri Uttar Pradesh,None,ANUJKumarBhar13,57,9,en,16-03-2017
8.42E+17,Thu Mar 16 13:10:32 +0000 2017,RT @Moto_IND: #Uncompromise on everything that you want in a phone with the #motog5plus. Starting at Rs.14 999  only on @Flipkart. https://...,0,Twitter for Android,325066553,UDUPI,None,RAJESH866,128,3,en,16-03-2017
8.42E+17,Thu Mar 16 13:11:30 +0000 2017,RT @Moto_IND: #Uncompromise on everything that you want in a phone with the #motog5plus. Starting at Rs.14 999  only on @Flipkart. https://...,0,Twitter for Android,8.39E+17,Rajasthan  India,None,Heeralal777,1,46,en,16-03-2017
8.42E+17,Thu Mar 16 13:12:47 +0000 2017,RT @Moto_IND: #Uncompromise on everything that you want in a phone with the #motog5plus. Starting at Rs.14 999  only on @Flipkart. https://...,0,Mobile Web (M5),2903989439,Ramanathapuram  Tamil Nadu,None,munees1122,60,13,en,16-03-2017
8.42E+17,Thu Mar 16 13:12:51 +0000 2017,RT @Moto_IND: #Uncompromise on everything that you want in a phone with the #motog5plus. Starting at Rs.14 999  only on @Flipkart. https://...,0,Twitter for Android,8.38E+17,Bhavnagar  India,None,PradipDabhi9,214,264,en,16-03-2017
8.42E+17,Thu Mar 16 13:14:47 +0000 2017,#motog5plus Hiii guys  Good evening  What s going on?,0,Twitter for Android,804590330,jaunpur  uttar Pradesh  India,None,gauravs34084203,1405,5024,en,16-03-2017
8.42E+17,Thu Mar 16 13:14:57 +0000 2017,RT @Moto_IND: #Uncompromise on everything that you want in a phone with the #motog5plus. Starting at Rs.14 999  only on @Flipkart. https://...,0,Twitter for Android,4406212886,PUNE Maharashtra ,None,Ramkuma09070560,4999,373,en,16-03-2017
8.42E+17,Thu Mar 16 13:15:12 +0000 2017,RT @Moto_IND: #Uncompromise on everything that you want in a phone with the #motog5plus. Starting at Rs.14 999  only on @Flipkart. https://...,0,Twitter for Android,812503740,Cochin,None,DevarajShenoy,262,329,en,16-03-2017
8.42E+17,Thu Mar 16 13:15:17 +0000 2017,New to #GoldOutofHiding?  https://t.co/28bDP4qsXQ https://t.co/XsKtPa8p4T #news  #viral #GoodNewsIn5Words #BeautyAndTheBeast #MotoG5Plus,0,Twitter for Android,69163320,Waukesha  WI,None,defendressofsan,6214,692126,en,16-03-2017
8.42E+17,Thu Mar 16 13:15:20 +0000 2017,RT @Moto_IND: #Uncompromise on everything that you want in a phone with the #motog5plus. Starting at Rs.14 999  only on @Flipkart. https://...,0,Twitter for Android,3183046333,Tamil Nadu  India,None,sudarsan_21,73,742,en,16-03-2017
8.42E+17,Thu Mar 16 13:15:34 +0000 2017,RT @tech2eets: .@Moto_IND #MotoG5Plus launched in India; prices start from Rs 14 999 -  https://t.co/Bhj8ZkcaVO https://t.co/cNBfoWYbUY,0,Twitter for Android,4406212886,PUNE Maharashtra ,None,Ramkuma09070560,5001,374,en,16-03-2017
8.42E+17,Thu Mar 16 13:15:41 +0000 2017,RT @Moto_IND: #Uncompromise on your music fix &amp; get moto pulse 2 @ Rs 599 on purchase with #motog5plus. Exclusively on @Flipkart.,0,Twitter for Android,7.95E+17,Mumbai  India,None,techysp,75,334,en,16-03-2017
8.42E+17,Thu Mar 16 13:16:06 +0000 2017,RT @Moto_IND: The new #motog5plus has arrived! Grab the amazing launch-day offers. Only on @Flipkart  starting Rs 14 999 Buy now... ,0,Twitter for Android,7.95E+17,Mumbai  India,None,techysp,75,335,en,16-03-2017
8.42E+17,Thu Mar 16 13:16:12 +0000 2017,RT @Moto_IND: @srikanth_trr the new #MotoG5Plus features a 12MP rear camera with dual autofocus pixels which is the best in its class.,0,Twitter for Android,7.95E+17,Mumbai  India,None,techysp,75,336,en,16-03-2017
8.42E+17,Thu Mar 16 13:16:57 +0000 2017,RT @Moto_IND: #Uncompromise with the all new #motog5plus and get it all. Exclusively on @Flipkart. Starting at 14 999. Sale starts tonight...,0,Twitter for Android,7.95E+17,Mumbai  India,None,techysp,75,339,en,16-03-2017
8.42E+17,Thu Mar 16 13:17:25 +0000 2017,Moto G5 Plus Camera Review: Say Cheese to Simple and Steady! https://t.co/Br5ND6sXJM via @techpp #MotoG5Plus,0,Twitter Web Client,16619994,Bangalore,None,rajupp,1589,96762,en,16-03-2017
8.42E+17,Thu Mar 16 13:17:39 +0000 2017,MotoG5Plus next big smartphone? #MotoG5Plus  #Uncompromise https://t.co/fECom3WZbV,0,Twitter for iPhone,8.19E+17,Bangalore India,None,Infinitetech_,19,5,en-gb,16-03-2017
8.42E+17,Thu Mar 16 13:18:41 +0000 2017,RT @Moto_IND: #Uncompromise on everything that you want in a phone with the #motog5plus. Starting at Rs.14 999  only on @Flipkart. https://...,0,Twitter for Android,2903603157,Bengaluru  India,None,sudhir93sudhi30,31,787,en,16-03-2017
8.42E+17,Thu Mar 16 13:19:38 +0000 2017,See it #NotJustRoadsWeTakeYouToDoors #DeliveredAsPromised #AssuredHaiKya #HappyRich Steve Smith like #motog5plus #Rajasthan  #Trapped17March,0,Twitter Web Client,100217716,Lucknow,None,vinay226001,2065,3069,en,16-03-2017
8.42E+17,Thu Mar 16 13:20:05 +0000 2017,#motog5plus @Moto_IND #Review &amp; #Specifications #Motorola #Mobile   More: More: https://t.co/cIkB2eVLly,0,Twitter for Android,7.34E+17,New Delhi  India,None,ankitsehrawat58,1,652,en,16-03-2017
8.42E+17,Thu Mar 16 13:20:06 +0000 2017,RT @Moto_IND: #Uncompromise on everything that you want in a phone with the #motog5plus. Starting at Rs.14 999  only on @Flipkart. https://...,0,Twitter for Android,110897564,Coimbatore  India,None,letsbrewlife,5003,6498,en,16-03-2017
8.42E+17,Thu Mar 16 13:20:18 +0000 2017,RT @Moto_IND: #Uncompromise on everything that you want in a phone with the #motog5plus. Starting at Rs.14 999  only on @Flipkart. https://...,0,Twitter for Android,3072892625,Attur  Tamil Nadu,None,prakashdh29,137,64,en,16-03-2017
8.42E+17,Thu Mar 16 13:25:17 +0000 2017,#motog5plus @Moto_IND #Review &amp; #Specifications #Motorola #Mobile #Uncompromise @motorola  More: https://t.co/cIkB2eVLly,0,Twitter for Android,7.34E+17,New Delhi  India,None,ankitsehrawat58,1,653,en,16-03-2017
8.42E+17,Thu Mar 16 13:26:40 +0000 2017,RT @rajupp: Moto G5 Plus Camera Review: Say Cheese to Simple and Steady! https://t.co/Br5ND6sXJM via @techpp #MotoG5Plus,0,Twitter for Android,1210896680,Pondicherry  India,None,JagdesVignesvar,769,468,en,16-03-2017
8.42E+17,Thu Mar 16 13:26:43 +0000 2017,RT @Moto_IND: #Uncompromise on everything that you want in a phone with the #motog5plus. Starting at Rs.14 999  only on @Flipkart. https://...,0,Twitter for Android,7.82E+17,Guwahati  India,None,KashyapShibali,234,31,en,16-03-2017
8.42E+17,Thu Mar 16 13:27:57 +0000 2017,#motog5plus @Moto_IND #Review &amp; #Specifications #Motorola #Mobile @motorola #NoToCompromise  https://t.co/cIkB2eVLly,0,Twitter for Android,7.34E+17,New Delhi  India,None,ankitsehrawat58,1,652,en,16-03-2017
8.42E+17,Thu Mar 16 13:28:29 +0000 2017,RT @Moto_IND: #Uncompromise on everything that you want in a phone with the #motog5plus. Starting at Rs.14 999  only on @Flipkart. https://...,0,Twitter for Android,8.24E+17,India,None,vishal4105_,418,1468,en,16-03-2017
8.42E+17,Thu Mar 16 13:30:10 +0000 2017,RT @L_ionofindia: #motog5plus best screen gaurd JUST in 189 rs  https://t.co/d00drPhKiF,0,Twitter for Android,7.83E+17,Gurgaon  India,None,L_ionofindia,33,1050,en,16-03-2017
8.42E+17,Thu Mar 16 13:30:39 +0000 2017,RT @Moto_IND: #Uncompromise on everything that you want in a phone with the #motog5plus. Starting at Rs.14 999  only on @Flipkart. https://...,0,Twitter for Android,2839873297,Munnar  India,None,amalsn6,23,25,en,16-03-2017
8.42E+17,Thu Mar 16 13:32:16 +0000 2017,RT @Moto_IND: #Uncompromise on everything that you want in a phone with the #motog5plus. Starting at Rs.14 999  only on @Flipkart. https://...,0,Twitter for Android,8.12E+17,Bagalkot  India,None,PSheelavanatar,67,3,en,16-03-2017
8.42E+17,Thu Mar 16 13:34:33 +0000 2017,#motog5plus   FOLLOWTRICK  RETWEET   FOLLOW ALL WHO RT  FOLLOWBACK,0,Twitter Web Client,8.36E+17,New Delhi  India,None,Aditi29451243,484,47,en,16-03-2017
8.42E+17,Thu Mar 16 13:34:34 +0000 2017,RT @Moto_IND: #Uncompromise on everything that you want in a phone with the #motog5plus. Starting at Rs.14 999  only on @Flipkart. https://...,0,Twitter for Android,7.67E+17,Tamil Nadu  India,None,Manikan23222873,478,1321,en,16-03-2017
8.42E+17,Thu Mar 16 13:34:35 +0000 2017,       #MotoG5Plus https://t.co/Xxehoxv80Z,0,Twitter Web Client,3220169874,Tamil Nadu  India,None,hameetha2008,417,464,en,16-03-2017
8.42E+17,Thu Mar 16 13:35:33 +0000 2017,RT @Moto_IND: #Uncompromise on everything that you want in a phone with the #motog5plus. Starting at Rs.14 999  only on @Flipkart. https://...,0,Twitter for Android,7.58E+17,Beholi  Panipat  India,None,vikasinsan25,8,1004,en,16-03-2017
8.42E+17,Thu Mar 16 13:37:41 +0000 2017,RT @Moto_IND: #Uncompromise on everything that you want in a phone with the #motog5plus. Starting at Rs.14 999  only on @Flipkart. https://...,0,Twitter for Android,7.62E+17,Gohana  India,None,manjugohana,6,707,en,16-03-2017
8.42E+17,Thu Mar 16 13:38:17 +0000 2017,RT @TeamLokeshKumri: #motog5plus tempered glass in JUST Rs 179 only   #CoolpadNote5Lite  #Amazon https://t.co/3gXjxkYV5k,0,Twitter for Android,7.89E+17,New Delhi  India,None,TeamLokeshKumri,37,899,en,16-03-2017
8.42E+17,Thu Mar 16 13:39:02 +0000 2017,RT @Moto_IND: #Uncompromise on everything that you want in a phone with the #motog5plus. Starting at Rs.14 999  only on @Flipkart. https://...,0,Twitter for Android,2685014342,Erode  India,None,akarunkumareee,168,152,en,16-03-2017
8.42E+17,Thu Mar 16 13:39:59 +0000 2017,RT @Moto_IND: #Uncompromise on everything that you want in a phone with the #motog5plus. Starting at Rs.14 999  only on @Flipkart. https://...,0,Twitter for Android,7.58E+17,Jhajjar Hrayana,None,charanchandi2,6,389,en,16-03-2017
8.42E+17,Thu Mar 16 13:41:21 +0000 2017,RT @Moto_IND: #Uncompromise on everything that you want in a phone with the #motog5plus. Starting at Rs.14 999  only on @Flipkart. https://...,0,Twitter for Android,4041535094,Itarsi  Madhya Pradesh,None,Realguyravneet,265,2316,en,16-03-2017
8.42E+17,Thu Mar 16 13:43:42 +0000 2017,LOOT DEAL !!!  in JUST Rs 96  #FreshNewLook #TalkingStore #Baahubali2trailer #INDvsAUS #motog5plus... https://t.co/XzW7If2vAM,0,Twitter for Android,7.90E+17,BB House,None,FanPriyankaJaga,42,1473,en,16-03-2017
8.42E+17,Thu Mar 16 13:44:48 +0000 2017,RT @Moto_IND: #Uncompromise on everything that you want in a phone with the #motog5plus. Starting at Rs.14 999  only on @Flipkart. https://...,0,Twitter for Android,8.40E+17,Sangrur(punjab),None,33rahul33,13,56,en,16-03-2017
8.42E+17,Thu Mar 16 13:44:52 +0000 2017,RT @Moto_IND: #Uncompromise on everything that you want in a phone with the #motog5plus. Starting at Rs.14 999  only on @Flipkart. https://...,0,Twitter for Android,7.71E+17,Kolkata  India,None,AshSakil,31,1141,en,16-03-2017
8.42E+17,Thu Mar 16 13:45:58 +0000 2017,RT @SparrowzApp: The garden was known as the Rose and Cypress Garden till 1856. Which park do you think it is? #MotoG5Plus... ,0,Mobile Web (M5),4683365370,Bengaluru  India,None,Khel_Gyani,27,4289,en,16-03-2017
8.42E+17,Thu Mar 16 13:47:16 +0000 2017,#WendysBracket # #Baahubali2trailer #Huaweip10 #MillennialDisney #ALDUB20thMonthsary #MotoG5Plus... https://t.co/nKtB0OdQbx,0,Twitter for Android,7.15E+17,France,None,motorcu_kizlar,1,1144,tr,16-03-2017
8.42E+17,Thu Mar 16 13:48:09 +0000 2017,RT @Moto_IND: #Uncompromise on everything that you want in a phone with the #motog5plus. Starting at Rs.14 999  only on @Flipkart. https://...,0,Twitter for Android,7.44E+17,Tamil Nadu  India,None,PerumalMuthura3,58,857,en,16-03-2017
8.42E+17,Thu Mar 16 13:48:31 +0000 2017,Purchased #MotoG5Plus ? Ensure to Insure it today --&gt; https://t.co/Y8SPtzlAZC https://t.co/qKv0ZVWyuM,0,Twitter Web Client,835273404,India,None,syncNscan,16,1349,en,16-03-2017
8.42E+17,Thu Mar 16 13:48:39 +0000 2017,Ordered #MotoG5Plus,0,Twitter for Android,131126857,Darsi  India,None,venkatmkr,465,50450,en,16-03-2017
8.42E+17,Thu Mar 16 13:48:43 +0000 2017,RT @Moto_IND: #Uncompromise on everything that you want in a phone with the #motog5plus. Starting at Rs.14 999  only on @Flipkart. https://...,0,Twitter for iPhone,7.86E+17,Mumbai ,None,mit_jasani,80,85,en,16-03-2017
8.42E+17,Thu Mar 16 13:49:10 +0000 2017,RT @Moto_IND: #Uncompromise on everything that you want in a phone with the #motog5plus. Starting at Rs.14 999  only on @Flipkart. https://...,0,Twitter for Android,8.21E+17,Himachal Pradesh  India,None,RajKumarDass6,824,321,en,16-03-2017
8.42E+17,Thu Mar 16 13:50:04 +0000 2017,RT @Moto_IND: #Uncompromise on everything that you want in a phone with the #motog5plus. Starting at Rs.14 999  only on @Flipkart. https://...,0,Twitter for Android,8.17E+17,Sri Kalahasti  India,None,SUjAYMee,220,76,en,16-03-2017
8.42E+17,Thu Mar 16 13:50:14 +0000 2017,RT @Moto_IND: #Uncompromise on everything that you want in a phone with the #motog5plus. Starting at Rs.14 999  only on @Flipkart. https://...,0,Twitter for Android,1033780375,Indore (Dhar) India,None,PrafullBillore1,2893,2462,en,16-03-2017
8.42E+17,Thu Mar 16 13:51:35 +0000 2017,RT @Moto_IND: #Uncompromise on everything that you want in a phone with the #motog5plus. Starting at Rs.14 999  only on @Flipkart. https://...,0,Twitter for Android,8.35E+17,Datta Nagar  Nanded,None,SerajAnssri,1,2,en,16-03-2017
8.42E+17,Thu Mar 16 13:52:36 +0000 2017,RT @Moto_IND: #Uncompromise on everything that you want in a phone with the #motog5plus. Starting at Rs.14 999  only on @Flipkart. https://...,0,Twitter for Android,8.30E+17,Kulrian Punjab,None,GrewalBhola,7,47,en,16-03-2017
8.42E+17,Thu Mar 16 13:56:48 +0000 2017,RT @Moto_IND: #Uncompromise on everything that you want in a phone with the #motog5plus. Starting at Rs.14 999  only on @Flipkart. https://...,0,Twitter for Android,7.55E+17,Chennai  India,None,SanthoshVenka19,313,259,en,16-03-2017
8.42E+17,Thu Mar 16 13:56:50 +0000 2017,#uncompromise on a precision-crafted metal design with the new #motog5plus. Buy from @Flipkart  starting Rs 14 999!... https://t.co/H05oet31KZ,0,Twitter Ads,2460859956,India,None,Moto_IND,387,16007,en,16-03-2017
8.42E+17,Thu Mar 16 13:56:52 +0000 2017,RT @Moto_IND: #Uncompromise on everything that you want in a phone with the #motog5plus. Starting at Rs.14 999  only on @Flipkart. https://...,0,Twitter for Android,8.34E+17,Manvi  India,None,Sriniva02696770,538,182,en,16-03-2017
8.42E+17,Thu Mar 16 13:57:03 +0000 2017,RT @Moto_IND: #uncompromise on a precision-crafted metal design with the new #motog5plus. Buy from @Flipkart  starting Rs 14 999!... ,0,Twitter for Android,92998829,Bengaluru  Karnataka,None,akshayprbhu,351,13967,en,16-03-2017
8.42E+17,Thu Mar 16 13:57:05 +0000 2017,RT @Moto_IND: #uncompromise on a precision-crafted metal design with the new #motog5plus. Buy from @Flipkart  starting Rs 14 999!... ,0,Twitter for iPhone,2781484878,Mumbai  India,None,jstfoll,106,270,en,16-03-2017
8.42E+17,Thu Mar 16 13:57:09 +0000 2017,#motog5plus Highly disappointed at the pricing. Definitely not worth the price. #XiaomiRedmiNote4  is the best phone under 15k,0,Twitter for Android,1014955790,Bangalore/Trivandrum INDIA,None,Akhil_Lalji,10584,14170,en,16-03-2017
8.42E+17,Thu Mar 16 13:57:10 +0000 2017,RT @Moto_IND: #uncompromise on a precision-crafted metal design with the new #motog5plus. Buy from @Flipkart  starting Rs 14 999!... ,0,Twitter for Android,7.31E+17,Karnataka  India,None,AbdulRa28022042,66,461,en,16-03-2017
8.42E+17,Thu Mar 16 13:57:11 +0000 2017,RT @Moto_IND: #Uncompromise on everything that you want in a phone with the #motog5plus. Starting at Rs.14 999  only on @Flipkart. https://...,0,Twitter for Android,8.36E+17,Cuddalore  India,None,SelvaTa85938077,175,5,en,16-03-2017
8.42E+17,Thu Mar 16 13:58:23 +0000 2017,RT @Moto_IND: #Uncompromise on everything that you want in a phone with the #motog5plus. Starting at Rs.14 999  only on @Flipkart. https://...,0,Twitter for iPhone,1874720952,Chennai  Tamil Nadu,None,Kamalvimal3,1546,11688,en,16-03-2017
8.42E+17,Thu Mar 16 13:58:28 +0000 2017,#motog5plus https://t.co/L5aWBz0OV5,0,Twitter for Android,166136892,Mumbai  India,None,nkishore111,278,1259,en,16-03-2017
8.42E+17,Thu Mar 16 13:58:30 +0000 2017,RT @Moto_IND: #uncompromise on a precision-crafted metal design with the new #motog5plus. Buy from @Flipkart  starting Rs 14 999!... ,0,Twitter for Android,203400163,Mumbai  Maharashtra  India,None,ca_hiten,1074,344,en,16-03-2017
8.42E+17,Thu Mar 16 13:59:04 +0000 2017,RT @Moto_IND: #Uncompromise on everything that you want in a phone with the #motog5plus. Starting at Rs.14 999  only on @Flipkart. https://...,0,Twitter for Android,604151205,Hyderabad  India,None,zaffna,788,13362,en,16-03-2017
8.42E+17,Thu Mar 16 13:59:32 +0000 2017,JUST  in Rs 96 Philips In-Ear Headphones   https://t.co/Xu9l89mWLm  #Baahubali2trailer #INDvsAUS #motog5plus,0,Twitter for Android,7.90E+17,BB House,None,FanPriyankaJaga,42,1472,en,16-03-2017
8.42E+17,Thu Mar 16 14:00:13 +0000 2017,#motog5plus the all new moto g5 plus with improved features from its precedent companion g4 plus...go for it.,0,Twitter for Android,2878117104,Patna  India,None,avinashbeinghu1,38,23,en,16-03-2017
8.42E+17,Thu Mar 16 14:00:18 +0000 2017,RT @Moto_IND: #Uncompromise on everything that you want in a phone with the #motog5plus. Starting at Rs.14 999  only on @Flipkart. https://...,0,Twitter for Android,2303207172,New Delhi  India,None,StarkAditya,299,26542,en,16-03-2017
8.42E+17,Thu Mar 16 14:00:22 +0000 2017,@Moto_IND @Flipkart I have bought one for me and many of my friends in my circle have also bought. #MotoG5Plus . Waiting to receive delivery,0,Twitter for Android,203400163,Mumbai  Maharashtra  India,None,ca_hiten,1074,345,en,16-03-2017
8.42E+17,Thu Mar 16 14:02:18 +0000 2017,RT @Moto_IND: #Uncompromise on everything that you want in a phone with the #motog5plus. Starting at Rs.14 999  only on @Flipkart. https://...,0,Twitter for Android,8.12E+17,Tohana  India,None,umeshinsan777,3,94,en,16-03-2017
8.42E+17,Thu Mar 16 14:02:23 +0000 2017,RT @Realty_Maya: Invierte en #tulum condominios d lujo #informes 9841526662 #MotoG5Plus #RealEstate #RealEstateAdvice  #FelizJueves  https:...,0,Twitter for BlackBerry,135191378,Colombia,None,NEGOCIEMOS,658,416,es,16-03-2017
8.42E+17,Thu Mar 16 14:03:08 +0000 2017,RT @ankopan01: !Moto G5Moto G5 Plus -  https://t.co/GGHEK8yENp #MotoG5 #MotoG5Plus #Android #SIM,0,Twitter for Android,1374311809,N/A,None,ture0enpitu,336,4685,ja,16-03-2017
8.42E+17,Thu Mar 16 14:04:07 +0000 2017,RT @Moto_IND: #Uncompromise on everything that you want in a phone with the #motog5plus. Starting at Rs.14 999  only on @Flipkart. https://...,0,Twitter for Android,8.04E+17,   ,None,VivekShriwas12,41,2431,en,16-03-2017
8.42E+17,Thu Mar 16 14:04:08 +0000 2017,Believe me this is the best deal !  JUST IN Rs 96  #FreshNewLook #TalkingStore #Baahubali2trailer #INDvsAUS... https://t.co/1Nx4px2Hto,0,Twitter for Android,7.90E+17,BB House,None,FanPriyankaJaga,42,1473,en,16-03-2017
8.42E+17,Thu Mar 16 14:04:32 +0000 2017,RT @Moto_IND: #Uncompromise on everything that you want in a phone with the #motog5plus. Starting at Rs.14 999  only on @Flipkart. https://...,0,Twitter for Android,282494143,Jalgaon Maharashtra India,None,pratiktotla29,249,19442,en,16-03-2017
8.42E+17,Thu Mar 16 14:05:34 +0000 2017,#motog5plus Superb Build Quality  Good Pro camera Turbo Charging  Nougat  Pure Android Experience  No Flash sales  offers. What else u need?,0,Twitter for Android,203400163,Mumbai  Maharashtra  India,None,ca_hiten,1074,346,en,16-03-2017
8.42E+17,Thu Mar 16 14:05:43 +0000 2017,RT @Moto_IND: #Uncompromise on everything that you want in a phone with the #motog5plus. Starting at Rs.14 999  only on @Flipkart. https://...,0,Twitter for Android,8.40E+17,Jaipur  India,None,ankitmeena710,296,421,en,16-03-2017
8.42E+17,Thu Mar 16 14:06:00 +0000 2017,RT @Moto_IND: #Uncompromise on everything that you want in a phone with the #motog5plus. Starting at Rs.14 999  only on @Flipkart. https://...,0,Twitter for Android,3268892376,Chennai  India,None,manojkumar2897,225,41001,en,16-03-2017
8.42E+17,Thu Mar 16 14:06:17 +0000 2017,RT @Dhananjay_Tech: I just bought 4GB Moto G5+ Buy now GREY- https://t.co/DRTpA5mSZk GOLD- https://t.co/b5ui8B4YPT 3GB-... ,0,Twitter for Android,1622948978,Srinagar  J & K  India,None,FarOutSuhail,815,3447,en,16-03-2017
8.42E+17,Thu Mar 16 14:06:54 +0000 2017,RT @hitechup: #ICYMI : The @Moto_IND #motog5plus is now available on @Flipkart starting at  14 999 with Launch Day Offers https://t.co/avZ...,0,Twitter for Android,1893327535,Haryana  India,None,GurkiratSi,1276,71760,en,16-03-2017
8.42E+17,Thu Mar 16 14:07:14 +0000 2017,RT @Moto_IND: #Uncompromise on everything that you want in a phone with the #motog5plus. Starting at Rs.14 999  only on @Flipkart. https://...,0,Twitter for Android,7.71E+17,JAKHAL  INDIA,None,KamalIn65683223,166,1503,en,16-03-2017
8.42E+17,Thu Mar 16 14:07:23 +0000 2017,RT @Moto_IND: #Uncompromise on everything that you want in a phone with the #motog5plus. Starting at Rs.14 999  only on @Flipkart. https://...,0,Twitter for Android,7.42E+17,Indian Village odish ,None,SANJAYK89139524,2034,879,en,16-03-2017
8.42E+17,Thu Mar 16 14:08:52 +0000 2017,RT @Moto_IND: #Uncompromise on everything that you want in a phone with the #motog5plus. Starting at Rs.14 999  only on @Flipkart. https://...,0,Twitter for iPhone,919177922,Greater Noida  India,None,shivam19795,47,114,en,16-03-2017
8.42E+17,Thu Mar 16 14:09:05 +0000 2017,RT @Moto_IND: #Uncompromise on everything that you want in a phone with the #motog5plus. Starting at Rs.14 999  only on @Flipkart. https://...,0,Twitter for Android,4126300104,Guwahati  India,None,AssamChaai,120,12257,en,16-03-2017
8.42E+17,Thu Mar 16 14:09:07 +0000 2017,RT @DesiAntarvasna:           : . . . . . .     #desiantarvasna #INDvsAUS #M...,0,Twitter for Android,99200000,Somewhere Nearby,None,Godillionaire,4911,3851,en,16-03-2017
8.42E+17,Thu Mar 16 14:09:42 +0000 2017,Let s hope these guys don t repeat the fiasco that was the last model! #MotoG5Plus https://t.co/BJUJx0g0Bo,0,Twitter for Android,4126300104,Guwahati  India,None,AssamChaai,120,12257,en,16-03-2017
8.42E+17,Thu Mar 16 14:09:49 +0000 2017,RT @rajupp: Moto G5 Plus Camera Review: Say Cheese to Simple and Steady! https://t.co/Br5ND6sXJM via @techpp #MotoG5Plus,0,Gravity Forever,331463176,In Ur  & #Muzaffarpur ,None,BipinBihari_,76,52853,en,16-03-2017
8.42E+17,Thu Mar 16 14:10:11 +0000 2017,https://t.co/0wDScF9Z6W AK 57 NEW STILLS #motog5plus #MaayaSeasonFinale #HappyRich #DeliveredAsPromised  #IndiaTodayNeedsIndiaToday,0,Twitter Web Client,210505879,madurai india,None,simontwtt,39,1052,en,16-03-2017
8.42E+17,Thu Mar 16 14:10:28 +0000 2017,https://t.co/NbDlrsBjVa #TWICE #MotoG5Plus #BBCAN5 # #skam #BTS #Periscope #WendysBracket #Huaweip10 #Weeklyidol #BeautyAndT,0,Twitter for Android,593040473,-  .,None,valeri_pv,101,12432,ru,16-03-2017
8.42E+17,Thu Mar 16 14:10:53 +0000 2017,RT @Moto_IND: #Uncompromise on everything that you want in a phone with the #motog5plus. Starting at Rs.14 999  only on @Flipkart. https://...,0,Twitter for Android,8.10E+17,Bhubaneswar,None,imnitinkarn,245,40,en,16-03-2017
8.42E+17,Thu Mar 16 14:11:15 +0000 2017,https://t.co/0wDScF9Z6W AK 57 NEW STILLS #motog5plus #MaayaSeasonFinale #HappyRich #DeliveredAsPromised   @karthiksubbaraj  @ajithFC,0,Twitter Web Client,210505879,madurai india,None,simontwtt,39,1053,en,16-03-2017
8.42E+17,Thu Mar 16 14:11:49 +0000 2017,RT @simontwtt: https://t.co/0wDScF9Z6W AK 57 NEW STILLS #motog5plus #MaayaSeasonFinale #HappyRich #DeliveredAsPromised   @karthiksubbaraj...,0,Twitter Web Client,210505879,madurai india,None,simontwtt,39,1054,en,16-03-2017
8.42E+17,Thu Mar 16 14:12:10 +0000 2017,https://t.co/kY5gO51sSK #syria #BTSinMexico # #TWICE #MotoG5Plus #BBCAN5 # #skam #BTS #Periscope #WendysBracket,0,Twitter for Android,593040473,-  .,None,valeri_pv,101,12434,ru,16-03-2017
8.42E+17,Thu Mar 16 14:12:11 +0000 2017,RT @Moto_IND: #Uncompromise on everything that you want in a phone with the #motog5plus. Starting at Rs.14 999  only on @Flipkart. https://...,0,Twitter for Android,1933498417,Kingdom of Saudi Arabia,None,areebhussain35,618,311,en,16-03-2017
8.42E+17,Thu Mar 16 14:12:21 +0000 2017,RT @ca_hiten: #motog5plus Superb Build Quality  Good Pro camera Turbo Charging  Nougat  Pure Android Experience  No Flash sales  offers. Wh...,0,Twitter for Android,43372046,Mumbai  Maharashtra,None,imshirishdedhia,1810,6915,en,16-03-2017
8.42E+17,Thu Mar 16 14:13:14 +0000 2017,Ordered one for my wifey..waiting for pure experience..#MotoG5Plus @Moto_IND https://t.co/QsJ4xNeMHI,0,Twitter for Android,43372046,Mumbai  Maharashtra,None,imshirishdedhia,1810,6916,en,16-03-2017
8.42E+17,Thu Mar 16 14:13:49 +0000 2017,https://t.co/R10fPLB6d0 #LegionFX #emmawatson #InesBrasilNoTheNoite #syria #BTSinMexico # #TWICE #MotoG5Plus #BBCAN5 #,0,Twitter for Android,593040473,-  .,None,valeri_pv,101,12436,ru,16-03-2017
8.42E+17,Thu Mar 16 14:14:32 +0000 2017,RT @Moto_IND: #Uncompromise on everything that you want in a phone with the #motog5plus. Starting at Rs.14 999  only on @Flipkart. https://...,0,Twitter for Android,114142301,new delhi,None,viniesrk,4941,58736,en,16-03-2017
8.42E+17,Thu Mar 16 14:14:58 +0000 2017,RT @Dattaamit11Amit: Kaabil vs RaeesTruth is Out #motog5plus #votermood2017 #annaslamskejriwal @iamsrk @iHrithik @RakeshRoshan_N  https:...,0,Twitter for iPhone,3301312867,Katy  TX,None,mrozdYToanqAqd4,599,6330,en-GB,16-03-2017
8.42E+17,Thu Mar 16 14:15:03 +0000 2017,RT @Dattaamit11Amit: Review of Rajeev Masand s Reviews of Kaabil n Raees #motog5plus #votermood2017 #annaslamskejriwal @RajeevMasand http...,0,Twitter for iPhone,3301312867,Katy  TX,None,mrozdYToanqAqd4,599,6331,en-GB,16-03-2017
8.42E+17,Thu Mar 16 14:15:06 +0000 2017,RT @Dattaamit11Amit: Kaun hai asli King Khan #motog5plus #votermood2017 #annaslamskejriwal @iamsrk #srkians #srk #baahubali2trailer  http...,0,Twitter for iPhone,3301312867,Katy  TX,None,mrozdYToanqAqd4,599,6332,en-GB,16-03-2017
8.42E+17,Thu Mar 16 14:15:12 +0000 2017,RT @Dattaamit11Amit: Rangoon - Movie Review #motog5plus #votermood2017 #annaslamskejriwal @shahidkapoor #baahubali2trailer #indvsaus http...,0,Twitter for iPhone,3301312867,Katy  TX,None,mrozdYToanqAqd4,599,6333,en-GB,16-03-2017
8.42E+17,Thu Mar 16 14:15:14 +0000 2017,RT @Dattaamit11Amit: Review of KRK S review of Rangoon #motog5plus #votermood2017 #annaslamskejriwal @kamaalrkhan @shahidkapoor #krk http...,0,Twitter for iPhone,3301312867,Katy  TX,None,mrozdYToanqAqd4,599,6334,en-GB,16-03-2017
8.42E+17,Thu Mar 16 14:15:19 +0000 2017,RT @Dattaamit11Amit: Divya Bharti Death: Investigation Begins #motog5plus #votermood2017 #annaslamskejriwal @duttsanjay @NGEMovies  https...,0,Twitter for iPhone,3301312867,Katy  TX,None,mrozdYToanqAqd4,599,6335,en-GB,16-03-2017
8.42E+17,Thu Mar 16 14:15:20 +0000 2017,https://t.co/0wDScF9Z6W  AK 57 NEW STILLS #motog5plus #MaayaSeasonFinale #HappyRich #DeliveredAsPromised   @karthiksubbaraj  @ajithFC .,0,Twitter Web Client,210505879,madurai india,None,simontwtt,39,1055,en,16-03-2017
8.42E+17,Thu Mar 16 14:15:25 +0000 2017,RT @Dattaamit11Amit: Review of Sarkar3 Trailer #motog5plus #votermood2017 #annaslamskejriwal @RGVzoomin @yamigautam @RonitBoseRoy  https:...,0,Twitter for iPhone,3301312867,Katy  TX,None,mrozdYToanqAqd4,599,6336,en-GB,16-03-2017
8.42E+17,Thu Mar 16 14:15:25 +0000 2017,RT @Dattaamit11Amit: Dhamakedaar Entry? Winner Kaun? #motog5plus #votermood2017 #annaslamskejriwal @iamsrk @SalmanKhan_ @aamir_khan #srk ht...,0,Twitter for iPhone,3301312867,Katy  TX,None,mrozdYToanqAqd4,599,6337,en-GB,16-03-2017
8.42E+17,Thu Mar 16 14:15:29 +0000 2017,RT @Dattaamit11Amit: Top10 Movies of Bollywood - My Choice #annaslamskejriwal #votermood2017 #motog5plus @dreamgirlhema @AnilKapoor  http...,0,Twitter for iPhone,3301312867,Katy  TX,None,mrozdYToanqAqd4,599,6338,en-GB,16-03-2017
8.42E+17,Thu Mar 16 14:15:32 +0000 2017,RT @Dattaamit11Amit: Review of 4th n Final Day(Bangalore Test) #motog5plus #votermood2017 #annaslamskejriwal #indvsaus @ashwinravi99 http...,0,Twitter for iPhone,3301312867,Katy  TX,None,mrozdYToanqAqd4,599,6339,en-GB,16-03-2017
8.42E+17,Thu Mar 16 14:15:36 +0000 2017,RT @Dattaamit11Amit: Review of Noor Trailer #motog5plus #votermood2017 #annaslamskejriwal #noor #uffyehnoor @sonakshisinha #indvsaus http...,0,Twitter for iPhone,3301312867,Katy  TX,None,mrozdYToanqAqd4,599,6340,en-GB,16-03-2017
8.42E+17,Thu Mar 16 14:15:41 +0000 2017,RT @Dattaamit11Amit: Review of all World Cups - 50 Overs #motog5plus #votermood2017 #annaslamskejriwal #happyholi #baahubali2trailer http...,0,Twitter for iPhone,3301312867,Katy  TX,None,mrozdYToanqAqd4,599,6341,en-GB,16-03-2017
8.42E+17,Thu Mar 16 14:16:24 +0000 2017,Buy #motog5plus (3GB/4GB) starting Rs 14 999* | Exciting Launch Day Offers | BuyBack Guarantee. #Flipkart... https://t.co/P7yWfDEGiD,0,Buffer,3013103874,Chennai,None,FlashSaleTricks,2151,10258,en,16-03-2017
8.42E+17,Thu Mar 16 14:16:27 +0000 2017,RT @Moto_IND: #Uncompromise on everything that you want in a phone with the #motog5plus. Starting at Rs.14 999  only on @Flipkart. https://...,0,Twitter for Android,3650171292,krishnagiri,None,rahul2raina,122,187,en,16-03-2017
8.42E+17,Thu Mar 16 14:16:58 +0000 2017,@Chase End The Fed!!! Main stream media is fake news. #TurnTheTubeOff #infowars #BoycottHawaii #WendysBracket #MillennialDisney #MotoG5Plus,0,Twitter for Android,8.14E+17,Los Angeles  CA,None,RadMax4,57,253,en,16-03-2017
8.42E+17,Thu Mar 16 14:17:33 +0000 2017,Which phone will you prefer ? #RedmiNote4 #MotoG5Plus #Mobiletalks #Baahubali2trailer #IndvAus,0,Twitter for Android,256978102,Pune,None,coolcritics,108,504,en,16-03-2017
8.42E+17,Thu Mar 16 14:18:08 +0000 2017,#motog5plus #BoycottHawaii #FreeAdviceIn5Words #ThursdayThoughts #NationalPandaDay  https://t.co/0wDScF9Z6W   AK 57 NEW STILLS .,0,Twitter Web Client,210505879,madurai india,None,simontwtt,39,1057,en,16-03-2017
8.42E+17,Thu Mar 16 14:19:28 +0000 2017,RT @Moto_IND: #Uncompromise on everything that you want in a phone with the #motog5plus. Starting at Rs.14 999  only on @Flipkart. https://...,0,Twitter for Android,7.83E+17,New Delhi Rohini,None,vijaysumaninsan,5,927,en,16-03-2017
8.42E+17,Thu Mar 16 14:21:11 +0000 2017,Nice place..... So sweet  #MotoG5Plus  #  #BeautyAndTheBeast https://t.co/heYoulPDlW,0,Twitter for Android,8.42E+17,Mettur ,None,SathishOfcc,157,53,en,16-03-2017
8.42E+17,Thu Mar 16 14:21:14 +0000 2017,RT @sunchets: #TheRealtiy__OfQuran         #  https://t.co/oYYDbuVpb2 https://t.co/zB7B6829j7 #motog5...,0,Twitter for Android,8.22E+17,new delhi india,None,sudhir96906040,300,818,en,16-03-2017
8.42E+17,Thu Mar 16 14:21:54 +0000 2017,RT @Moto_IND: #Uncompromise on everything that you want in a phone with the #motog5plus. Starting at Rs.14 999  only on @Flipkart. https://...,0,Twitter for Android,3307054953,jaffer pur Najfgarh New Delhi,None,navneetgoswami6,15,1225,en,16-03-2017
8.42E+17,Thu Mar 16 14:22:00 +0000 2017,RT @Moto_IND: #Uncompromise on everything that you want in a phone with the #motog5plus. Starting at Rs.14 999  only on @Flipkart. https://...,0,Twitter for Android,1545518287,Rayagada,None,mprasanth203,58,2,en,16-03-2017
8.42E+17,Thu Mar 16 14:22:11 +0000 2017,RT @Moto_IND: #uncompromise on a precision-crafted metal design with the new #motog5plus. Buy from @Flipkart  starting Rs 14 999!... ,0,Twitter for Android,1159782859,Garden city(Bengaluru),None,GuptaWords,626,53516,en,16-03-2017
8.42E+17,Thu Mar 16 14:22:45 +0000 2017,RT @Moto_IND: #Uncompromise on everything that you want in a phone with the #motog5plus. Starting at Rs.14 999  only on @Flipkart. https://...,0,Twitter for Android,8.10E+17,Andhra Pradesh  India,None,Madras_N,87,710,en,16-03-2017
8.42E+17,Thu Mar 16 14:24:13 +0000 2017,I liked a video: #MotoG5Plus - first impression by @gizbotcom : https://t.co/u1chuWJ6a4 via @YouTube,0,Twitter for Android,136502817,Mangaldai ASSAM(INDIA),None,manjit_mld,527,48513,en,16-03-2017
8.42E+17,Thu Mar 16 14:29:21 +0000 2017,RT @Moto_IND: #Uncompromise on everything that you want in a phone with the #motog5plus. Starting at Rs.14 999  only on @Flipkart. https://...,0,Twitter for Android,161977555,New Delhi  Delhi,None,jeet_channa,115,4588,en,16-03-2017
8.42E+17,Thu Mar 16 14:31:30 +0000 2017,Visit https://t.co/ut7CEKc1W8 -&amp; let us prove that:Allah is God.Jesus is a prophet.atheism is false.We have logical proves! #MotoG5Plus,0,Twitter for Android,2493849365,read Quran  in 25 languages ,None,_4yossiF,1421,18750,ar,16-03-2017
8.42E+17,Thu Mar 16 14:31:34 +0000 2017,#motog5plus https://t.co/Xj7JpSSTbS,0,Twitter for Android,164394764,Chitrakoot Dham  India,None,Suburajput,397,1263,en,16-03-2017
8.42E+17,Thu Mar 16 14:32:14 +0000 2017,RT @mahavir0017: #motog5plus https://t.co/Y8MBgAzQbg,0,Twitter for Android,7.37E+17,Lucknow  India,None,BrijNathShukla2,286,6331,en,16-03-2017
8.42E+17,Thu Mar 16 14:32:23 +0000 2017,RT @Moto_IND: Chop-chop and voila! #motog5plus #motoactions https://t.co/PIfGTNFjPx,0,Twitter Web Client,8.04E+17,Bihar  India,None,MdAslam96616723,581,44,en,16-03-2017
8.42E+17,Thu Mar 16 14:33:55 +0000 2017,RT @tech2eets: #MotoG5Plus first impressions: The Moto G series in metal  https://t.co/bLyrddGYv9 @Moto_IND https://t.co/cSxucoJGtc,0,Twitter for Android,43372046,Mumbai  Maharashtra,None,imshirishdedhia,1810,6917,en,16-03-2017
8.42E+17,Thu Mar 16 14:34:14 +0000 2017,I was just waiting for such phone from Moto ..  I am Moto fan from when u launched Moto Razor !  #gohigh... https://t.co/WuRrbsKmE9,0,Twitter for Android,1446670062,Los Angeles  CA,None,sahilburle,7,2,en,16-03-2017
8.42E+17,Thu Mar 16 14:34:22 +0000 2017,RT @Smartprix: #MotoG5Plus Hands-on review: The MotoG5Plus feels a lot better than what the press renders would suggest.... ,0,Twitter for Android,43372046,Mumbai  Maharashtra,None,imshirishdedhia,1810,6918,en,16-03-2017
8.42E+17,Thu Mar 16 14:34:24 +0000 2017,RT @udittrivedi89: #MotoG5Plus #motorola #smartphone #Flipkart New moto g5 plus launched with exciting launch offers! Check it  https://t.c...,0,Twitter for Android,121513009,Ahmedabad,None,udittrivedi89,74,58,en,16-03-2017
8.42E+17,Thu Mar 16 14:34:25 +0000 2017,RT @ca_hiten: @Moto_IND @Flipkart I have bought one for me and many of my friends in my circle have also bought. #MotoG5Plus . Waiting to r...,0,Twitter for Android,43372046,Mumbai  Maharashtra,None,imshirishdedhia,1810,6919,en,16-03-2017
8.42E+17,Thu Mar 16 14:35:38 +0000 2017,RT @sunchets: #TheRealtiy__OfQuran         #  https://t.co/oYYDbuVpb2 https://t.co/zB7B6829j7 #motog5...,0,Twitter for Android,8.29E+17,Bhind (M.P) India,None,rajudas303110,488,1771,en,16-03-2017
8.42E+17,Thu Mar 16 14:35:51 +0000 2017,RT @Moto_IND: #Uncompromise on everything that you want in a phone with the #motog5plus. Starting at Rs.14 999  only on @Flipkart. https://...,0,Twitter for Android,8.29E+17,Dirba,None,KarmjeetBabla,18,109,en,16-03-2017
8.42E+17,Thu Mar 16 14:36:05 +0000 2017,RT @Moto_IND: #Uncompromise on everything that you want in a phone with the #motog5plus. Starting at Rs.14 999  only on @Flipkart. https://...,0,Twitter for Android,81322306,Mumbai,None,saurabhbudhia,207,11,en,16-03-2017
8.42E+17,Thu Mar 16 14:36:12 +0000 2017,RT @Moto_IND: #Uncompromise on everything that you want in a phone with the #motog5plus. Starting at Rs.14 999  only on @Flipkart. https://...,0,Twitter for Android,2994849902,india,None,rajunagveesam,2757,7234,en,16-03-2017
8.42E+17,Thu Mar 16 14:36:12 +0000 2017,RT @Moto_IND: #Uncompromise on everything that you want in a phone with the #motog5plus. Starting at Rs.14 999  only on @Flipkart. https://...,0,Twitter for Android,2252399462,Sambalpur,None,aloknath1749,292,964,en,16-03-2017
8.42E+17,Thu Mar 16 14:40:02 +0000 2017,RT @Moto_IND: #Uncompromise on everything that you want in a phone with the #motog5plus. Starting at Rs.14 999  only on @Flipkart. https://...,0,Twitter for Android,8.22E+17,New Delhi  India,None,gwkuu,47,413,en,16-03-2017
8.42E+17,Thu Mar 16 14:41:43 +0000 2017,RT @Moto_IND: #Uncompromise on everything that you want in a phone with the #motog5plus. Starting at Rs.14 999  only on @Flipkart. https://...,0,Twitter for iPhone,946630621,Mumbai,None,IIShivendra,428,4100,en,16-03-2017
8.42E+17,Thu Mar 16 14:41:44 +0000 2017,RT @Moto_IND: #Uncompromise on everything that you want in a phone with the #motog5plus. Starting at Rs.14 999  only on @Flipkart. https://...,0,Twitter for Android,7.98E+17,Rajkot  India,None,SukantaKarmaka,5001,14478,en,16-03-2017
8.42E+17,Thu Mar 16 14:42:39 +0000 2017,RT @Moto_IND: #Uncompromise on everything that you want in a phone with the #motog5plus. Starting at Rs.14 999  only on @Flipkart. https://...,0,Twitter for Android,7.50E+17,jhaloor ,None,Darshan58741692,17,18127,en,16-03-2017
8.42E+17,Thu Mar 16 14:43:23 +0000 2017,RT @Moto_IND: #Uncompromise on everything that you want in a phone with the #motog5plus. Starting at Rs.14 999  only on @Flipkart. https://...,0,Twitter for Android,4480576400,the world ,None,chithu319,49,106,en,16-03-2017
8.42E+17,Thu Mar 16 14:45:00 +0000 2017,RT @Moto_IND: #Uncompromise on everything that you want in a phone with the #motog5plus. Starting at Rs.14 999  only on @Flipkart. https://...,0,Mobile Web (M5),8.00E+17,ranchi  india,None,Ananyavikram3,84,17,en,16-03-2017
8.42E+17,Thu Mar 16 14:45:17 +0000 2017,@Flipkart #motog5plus Such a disappoint that moto g1st gen is not listed under exchange..,0,Mobile Web (M5),34537182,Mumbai India,None,dayasagar,25,33,en,16-03-2017
8.42E+17,Thu Mar 16 14:46:16 +0000 2017,RT @Moto_IND: #Uncompromise on everything that you want in a phone with the #motog5plus. Starting at Rs.14 999  only on @Flipkart. https://...,0,Twitter for Android,8.39E+17,Rohini  New Delhi,None,Asnatkumar,25,3,en,16-03-2017
8.42E+17,Thu Mar 16 14:47:06 +0000 2017,RT @Moto_IND: #Uncompromise on everything that you want in a phone with the #motog5plus. Starting at Rs.14 999  only on @Flipkart. https://...,0,Twitter for Android,169536417,KATNI  M.P.,None,akhil_lovee,99,4283,en,16-03-2017
8.42E+17,Thu Mar 16 14:47:15 +0000 2017,#motog5plus #FelizJueves #BoycottHawaii #themasksinger #ThursdayThoughts Hii guys  Good evening  What s going on ?,0,Twitter for Android,804590330,jaunpur  uttar Pradesh  India,None,gauravs34084203,1405,5054,en,16-03-2017
8.42E+17,Thu Mar 16 14:47:22 +0000 2017,RT @Moto_IND: #Uncompromise on everything that you want in a phone with the #motog5plus. Starting at Rs.14 999  only on @Flipkart. https://...,0,Twitter for Android,8.38E+17,Pramod Rishi,None,Pramod53972274,81,14,en,16-03-2017
8.42E+17,Thu Mar 16 14:47:24 +0000 2017,Check out this item in my Etsy shop https://t.co/pPAp8N5JMY #pencils #emojis #Baahubali2trailer #greenleaf #Huaweip10 #MotoG5Plus,0,Twitter for Android,1390948933,Bridgeport  CT  USA,None,Loorducation,43,11907,en,16-03-2017
8.42E+17,Thu Mar 16 14:48:04 +0000 2017,RT @Moto_IND: #Uncompromise on everything that you want in a phone with the #motog5plus. Starting at Rs.14 999  only on @Flipkart. https://...,0,Twitter for Android,8.42E+17,U P Banki,None,Amansin24313083,43,16,en,16-03-2017
8.42E+17,Thu Mar 16 14:49:12 +0000 2017,RT @Moto_IND: #Uncompromise on everything that you want in a phone with the #motog5plus. Starting at Rs.14 999  only on @Flipkart. https://...,0,Twitter for Android,1734127974,Patiala India,None,AkshayCIA,334,11844,en,16-03-2017
8.42E+17,Thu Mar 16 14:49:23 +0000 2017,RT @advaith11yo: who is the best #young bollywood actor #RanbirKapoor #RanveerSingh #varundhawan #SidharthMalhotra #Baahubali2trailer #hond...,0,Twitter for Android,3165277512,Lost In VarShraLia,None,Kajol_dvn,278,39293,en,16-03-2017
8.42E+17,Thu Mar 16 14:50:12 +0000 2017,RT @Moto_IND: #Uncompromise on everything that you want in a phone with the #motog5plus. Starting at Rs.14 999  only on @Flipkart. https://...,0,Twitter for Android,480411624,Ratlam  India,None,naveen1588,89,136,en,16-03-2017
8.42E+17,Thu Mar 16 14:50:25 +0000 2017,RT @Moto_IND: #uncompromise on a precision-crafted metal design with the new #motog5plus. Buy from @Flipkart  starting Rs 14 999!... ,0,Twitter for Android,3660055578,Chennai  India,None,WatsonNaveen,2279,57537,en,16-03-2017
8.42E+17,Thu Mar 16 14:50:42 +0000 2017,RT @Moto_IND: #Uncompromise on everything that you want in a phone with the #motog5plus. Starting at Rs.14 999  only on @Flipkart. https://...,0,Twitter for Android,8.42E+17,Jharkhand,None,sandip9302,21,3,en,16-03-2017
8.42E+17,Thu Mar 16 14:50:48 +0000 2017,RT @advaith11yo: who is the best #young bollywood actor #RanbirKapoor #RanveerSingh #varundhawan #SidharthMalhotra #Baahubali2trailer #hond...,0,Twitter for Android,4022089098,in varshalias heart,None,smile_varun,113,6855,en,16-03-2017
8.42E+17,Thu Mar 16 14:51:09 +0000 2017,plz listen https://t.co/j5iCHiCLnS  FLW PLZ @SuhilaBnLachhab https://t.co/fpDdZNJ7WA #SouhilaBenLachhab #PrayForPeru #MotoG5Plus,0,Twitter for Android,7.44E+17,1 2 3 Viva l Algerie ,None,Fofa_SBL,58,38902,fr,16-03-2017
8.42E+17,Thu Mar 16 14:51:35 +0000 2017,#motog5plus whats going on guys ??,0,Twitter for Android,804590330,jaunpur  uttar Pradesh  India,None,gauravs34084203,1405,5056,en,16-03-2017
8.42E+17,Thu Mar 16 14:52:31 +0000 2017,RT @Moto_IND: #Uncompromise on everything that you want in a phone with the #motog5plus. Starting at Rs.14 999  only on @Flipkart. https://...,0,Twitter for Android,7.29E+17,Tamilnadu India,None,RanjitBoopathi,170,32,en,16-03-2017
8.42E+17,Thu Mar 16 14:52:38 +0000 2017,BJP might reshuffle the union cabinet after April 12th. More details https://t.co/Eaj52AJB2Q @manoharparrikar @narendramodi #BJP #MotoG5Plus,0,Twitter for Android,2575041702,Bangalore & Mumbai,None,IndiaCityBlog,170,641,en,16-03-2017
8.42E+17,Thu Mar 16 14:53:11 +0000 2017,RT @Moto_IND: #Uncompromise on everything that you want in a phone with the #motog5plus. Starting at Rs.14 999  only on @Flipkart. https://...,0,Twitter for Android,8.23E+17,Shahdol,None,mdraza930372320,135,73,en,16-03-2017
8.42E+17,Thu Mar 16 14:53:37 +0000 2017,Ha ha #remo #Baahubali2trailer #MotoG5Plus #YouTubeChallenge https://t.co/6BtL4zG4fp,0,Twitter for Android,8.34E+17,Chennai,None,memesmafia,38,66,en,16-03-2017
8.42E+17,Thu Mar 16 14:53:48 +0000 2017,RT @Flipkart: Most of you guessed it right! Are you guys geared up to win the #MotoG5Plus and some more exciting prizes? RT this and we wil...,0,Twitter for Android,339519334,mumbai,None,sahil_waikar,746,1499,en,16-03-2017
8.42E+17,Thu Mar 16 14:53:55 +0000 2017,#motog5plus latest smartphone : Motorola: https://t.co/9Qg8ynflpL,0,Twitter for Android,3191557092,New Delhi  India,None,whoami_vikky,149,2362,en,16-03-2017
8.42E+17,Thu Mar 16 14:54:01 +0000 2017,RT @Flipkart: Most of you guessed it right! Are you guys geared up to win the #MotoG5Plus and some more exciting prizes? RT this and we wil...,0,Twitter for Android,339519334,mumbai,None,sahil_waikar,746,1499,en,16-03-2017
8.42E+17,Thu Mar 16 14:54:17 +0000 2017,#motog5plus check out latest smartphone : Motorola: https://t.co/9Qg8ynflpL,0,Twitter for Android,3191557092,New Delhi  India,None,whoami_vikky,149,2363,en,16-03-2017
8.42E+17,Thu Mar 16 14:54:19 +0000 2017,RT @Moto_IND: #Uncompromise on everything that you want in a phone with the #motog5plus. Starting at Rs.14 999  only on @Flipkart. https://...,0,Twitter for Android,7.97E+17,Guwahati  India,None,JVocklin,352,1070,en,16-03-2017
8.42E+17,Thu Mar 16 14:54:28 +0000 2017,RT @Moto_IND: #Uncompromise on everything that you want in a phone with the #motog5plus. Starting at Rs.14 999  only on @Flipkart. https://...,0,Twitter for Android,8.41E+17,Dharapuram,None,karthirajendren,46,2,en,16-03-2017
8.42E+17,Thu Mar 16 14:54:46 +0000 2017,RT @Moto_IND: #Uncompromise on everything that you want in a phone with the #motog5plus. Starting at Rs.14 999  only on @Flipkart. https://...,0,Twitter for Android,8.33E+17,Varanasi  India,None,ManojDu92040297,6,178,en,16-03-2017
8.42E+17,Thu Mar 16 14:55:24 +0000 2017,#motog5plus #FelizJueves #BoycottHawaii #themasksinger Hii guys  Good evening  What s going on ?,0,Twitter for Android,804590330,jaunpur  uttar Pradesh  India,None,gauravs34084203,1405,5062,en,16-03-2017
8.42E+17,Thu Mar 16 14:56:37 +0000 2017,Follow  https://t.co/B4R3u5cjAv Follow  https://t.co/HufRqinDTL follow  https://t.co/P4MChkiN07 #MotoG5Plus,0,Twitter for Android,7.41E+17,  ,None,ipcJ38MOVyUWJTl,98,18336,ar,16-03-2017
8.42E+17,Thu Mar 16 14:57:17 +0000 2017,RT @advaith11yo: who is the best #young bollywood actor #RanbirKapoor #RanveerSingh #varundhawan #SidharthMalhotra #Baahubali2trailer #hond...,0,Twitter for Android,7.50E+17,In varun s heart,None,VarunKiPrincess,60,3773,en,16-03-2017
8.42E+17,Thu Mar 16 14:58:02 +0000 2017,#MotoG5Plus  OH MY GOD  LEAKED VIDEO https://t.co/t3tSp3ulcK,0,Twitter Web Client,50580886,Ludhiana  Punjab,None,arvindrajoo,38,641,en,16-03-2017
8.42E+17,Thu Mar 16 14:58:38 +0000 2017,Check out this item in my Etsy shop https://t.co/JocPFdkciy #greenleaf #BeautyAndTheBeast #Grasse #GoodNewsIn5Words #IndvAus #MotoG5Plus,0,Twitter for Android,7.73E+17,Denver  CO,None,MDP303,4976,1567,en,16-03-2017
8.42E+17,Thu Mar 16 15:00:33 +0000 2017,#MotoG5Plus from Rs.14999 + 10% Off with SBI Cards + Exchange up to Rs.15000 + No Cost EMI https://t.co/sEvWIWPjbR... https://t.co/U3Fv2ESy0L,0,Buffer,4834300185,India,None,SmartGizmoDeals,2,15197,en,16-03-2017
8.42E+17,Thu Mar 16 15:01:06 +0000 2017,https://t.co/kh35SwzIJM    what s new for you...?  #motog5plus  #happyrich  #Trapped17march https://t.co/8osaXX3Gpb,0,Twitter Web Client,2783492024,Patna,None,rajeshblogging,1961,302,en,16-03-2017
8.42E+17,Thu Mar 16 15:01:36 +0000 2017,RT @Moto_IND: #Uncompromise on everything that you want in a phone with the #motog5plus. Starting at Rs.14 999  only on @Flipkart. https://...,0,Twitter for Android,2536997588,kaithal haryana,None,kldipsingh,59,223,en,16-03-2017
8.42E+17,Thu Mar 16 15:02:21 +0000 2017,RT @Loorducation: Check out this item in my Etsy shop https://t.co/pPAp8N5JMY #pencils #emojis #Baahubali2trailer #greenleaf #Huaweip10 #Mo...,0,Twitter for Android,1390948933,Bridgeport  CT  USA,None,Loorducation,43,11932,en,16-03-2017
8.42E+17,Thu Mar 16 15:03:06 +0000 2017,RT @advaith11yo: who is the best #young bollywood actor #RanbirKapoor #RanveerSingh #varundhawan #SidharthMalhotra #Baahubali2trailer #hond...,0,Twitter for Android,7.90E+17,In varun & alia s heart,None,Varia084,29,1259,en,16-03-2017
8.42E+17,Thu Mar 16 15:03:13 +0000 2017,RT @Moto_IND: #Uncompromise on everything that you want in a phone with the #motog5plus. Starting at Rs.14 999  only on @Flipkart. https://...,0,Twitter for Android,8.21E+17,Kupwara  Jammu And Kashmir,None,ItxPeer,722,105,en,16-03-2017
8.42E+17,Thu Mar 16 15:03:16 +0000 2017,RT @Moto_IND: #Uncompromise on everything that you want in a phone with the #motog5plus. Starting at Rs.14 999  only on @Flipkart. https://...,0,Twitter for Android,8.39E+17, India,None,MundSudhir,9,259,en,16-03-2017
8.42E+17,Thu Mar 16 15:03:19 +0000 2017,RT @Moto_IND: #Uncompromise on everything that you want in a phone with the #motog5plus. Starting at Rs.14 999  only on @Flipkart. https://...,0,Twitter for Android,8.35E+17,Nagpur  India,None,1Dluvrsince2012,19,215,en,16-03-2017
8.42E+17,Thu Mar 16 15:03:36 +0000 2017,RT @Moto_IND: #uncompromise on a precision-crafted metal design with the new #motog5plus. Buy from @Flipkart  starting Rs 14 999!... ,0,Twitter for Android,1638326022,nearby,None,Mario_Dias13,4212,69385,en,16-03-2017
8.42E+17,Thu Mar 16 15:03:38 +0000 2017,RT @Moto_IND: #Uncompromise on everything that you want in a phone with the #motog5plus. Starting at Rs.14 999  only on @Flipkart. https://...,0,Twitter for Android,8.09E+17,raipur  India,None,shubhammotwani4,155,205,en,16-03-2017
8.42E+17,Thu Mar 16 15:04:12 +0000 2017,RT @Moto_IND: #Uncompromise on everything that you want in a phone with the #motog5plus. Starting at Rs.14 999  only on @Flipkart. https://...,0,Twitter for Android,8.39E+17,Coimbatore  India,None,vickymee707,240,35,en,16-03-2017
8.42E+17,Thu Mar 16 15:05:06 +0000 2017,RT @Moto_IND: #Uncompromise on everything that you want in a phone with the #motog5plus. Starting at Rs.14 999  only on @Flipkart. https://...,0,Twitter for Android,817885430,Jind  India,None,parveensolankhi,153,81,en,16-03-2017
8.42E+17,Thu Mar 16 15:05:08 +0000 2017,RT @Moto_IND: #Uncompromise on everything that you want in a phone with the #motog5plus. Starting at Rs.14 999  only on @Flipkart. https://...,0,Twitter for Android,235612879,Ponda - Goa  India,None,suhailshaikh55,209,533,en,16-03-2017
8.42E+17,Thu Mar 16 15:05:14 +0000 2017,RT @Moto_IND: #Uncompromise on everything that you want in a phone with the #motog5plus. Starting at Rs.14 999  only on @Flipkart. https://...,0,Twitter for Android,7.71E+17,Abohar  India,None,SumanIn10344343,175,6631,en,16-03-2017
8.42E+17,Thu Mar 16 15:08:34 +0000 2017,RT @Moto_IND: #Uncompromise on everything that you want in a phone with the #motog5plus. Starting at Rs.14 999  only on @Flipkart. https://...,0,Twitter for Android,182912590,India,None,gmaxfun,192,1595,en,16-03-2017
8.42E+17,Thu Mar 16 15:08:44 +0000 2017,RT @Moto_IND: #Uncompromise on everything that you want in a phone with the #motog5plus. Starting at Rs.14 999  only on @Flipkart. https://...,0,Twitter for Android,1285119361,Himachal 2 Punjab  India,None,SstarNation,1086,28589,en,16-03-2017
8.42E+17,Thu Mar 16 15:08:58 +0000 2017,RT @Moto_IND: The new #motog5plus has arrived! Grab the amazing launch-day offers. Only on @Flipkart  starting Rs 14 999 Buy now... ,0,Twitter for Android,2996217703,India,None,DiffErotically,10,6410,en,16-03-2017
8.42E+17,Thu Mar 16 15:09:11 +0000 2017,RT @Moto_IND: #Uncompromise on everything that you want in a phone with the #motog5plus. Starting at Rs.14 999  only on @Flipkart. https://...,0,Twitter for Android,8.29E+17,Patna  India,None,suryasinha525,765,1096,en,16-03-2017
8.42E+17,Thu Mar 16 15:09:16 +0000 2017,RT @Moto_IND: #Uncompromise on everything that you want in a phone with the #motog5plus. Starting at Rs.14 999  only on @Flipkart. https://...,0,Twitter Web Client,2502963289,Northeast  India,None,ajayboro889,868,577,en,16-03-2017
8.42E+17,Thu Mar 16 15:09:59 +0000 2017,RT @Moto_IND: #Uncompromise on everything that you want in a phone with the #motog5plus. Starting at Rs.14 999  only on @Flipkart. https://...,0,Twitter for Android,2984435174,kalyan,None,singh_355,214,485,en,16-03-2017
8.42E+17,Thu Mar 16 15:10:29 +0000 2017,#Honor6x or #OppoF1S I m getting 4gb variant of both  @ 15999 Which one is wise buy? Pls Help! PS:Dint like #MotoG5Plus  @amitbhawani,0,Twitter for Android,7.29E+17,New Delhi  India,None,FoneFry,82,271,en,16-03-2017
8.42E+17,Thu Mar 16 15:10:43 +0000 2017,#Honor6x or #OppoF1S I m getting 4gb variant of both  @ 15999 Which one is wise buy? Pls Help! PS:Dint like #MotoG5Plus  @aatechnology_in,0,Twitter for Android,7.29E+17,New Delhi  India,None,FoneFry,82,272,en,16-03-2017
8.42E+17,Thu Mar 16 15:10:54 +0000 2017,#Honor6x or #OppoF1S I m getting 4gb variant of both  @ 15999 Which one is wise buy? Pls Help! PS:Dint like #MotoG5Plus  @Dhananjay_Tech,0,Twitter for Android,7.29E+17,New Delhi  India,None,FoneFry,82,273,en,16-03-2017
8.42E+17,Thu Mar 16 15:11:10 +0000 2017,#Honor6x or #OppoF1S I m getting 4gb variant of both  @ 15999 Which one is wise buy? Pls Help! PS:Dint like #MotoG5Plus  @sharmajitech,0,Twitter for Android,7.29E+17,New Delhi  India,None,FoneFry,82,274,en,16-03-2017
8.42E+17,Thu Mar 16 15:12:17 +0000 2017,Ordered #motog5plus 32GB. https://t.co/dK278c9qPx,0,Twitter for Android,142968381,Near Charging Point,None,WittyManjeet,560,2836,en,16-03-2017
8.42E+17,Thu Mar 16 15:12:21 +0000 2017,Attention everyone! The #MotoG5Plus is here. Wait no more! #Moto,0,TweetDeck,7.33E+17,India,None,BestPriceOnIn,13,516,en,16-03-2017
8.42E+17,Thu Mar 16 15:12:22 +0000 2017,RT @Moto_IND: #Uncompromise on everything that you want in a phone with the #motog5plus. Starting at Rs.14 999  only on @Flipkart. https://...,0,Twitter for Android,8.05E+17,Kolkata  India,None,SahilSi86913613,472,6239,en,16-03-2017
8.42E+17,Thu Mar 16 15:13:22 +0000 2017,Attention everyone! The #MotoG5Plus is here. Wait no more! #Moto https://t.co/jPAin5RUYx,0,TweetDeck,7.33E+17,India,None,BestPriceOnIn,13,516,en,16-03-2017
8.42E+17,Thu Mar 16 15:15:23 +0000 2017,RT @Moto_IND: #Uncompromise on everything that you want in a phone with the #motog5plus. Starting at Rs.14 999  only on @Flipkart. https://...,0,Twitter Web Client,8.15E+17,Vellore  India,None,IamkamalE,168,9,en,16-03-2017
8.42E+17,Thu Mar 16 15:15:23 +0000 2017,RT @Moto_IND: #Uncompromise on everything that you want in a phone with the #motog5plus. Starting at Rs.14 999  only on @Flipkart. https://...,0,Twitter Web Client,8.15E+17,Vellore  India,None,IamkamalE,168,9,en,16-03-2017
8.42E+17,Thu Mar 16 15:15:33 +0000 2017,Ordered #motog5plus 32GB  https://t.co/wZ8t08tXo6,0,Twitter for Android,142968381,Near Charging Point,None,WittyManjeet,560,2837,en,16-03-2017
8.42E+17,Thu Mar 16 15:16:14 +0000 2017,Attention everyone! The #MotoG5Plus is here. Wait no more! #Moto https://t.co/jPAin5RUYx,0,TweetDeck,7.33E+17,India,None,BestPriceOnIn,13,516,en,16-03-2017
8.42E+17,Thu Mar 16 15:16:51 +0000 2017,RT @Moto_IND: #Uncompromise on everything that you want in a phone with the #motog5plus. Starting at Rs.14 999  only on @Flipkart. https://...,0,Twitter for Android,8.37E+17,Malappuram (Ernad)  India,None,Chutiasanuyaho1,93,54,en,16-03-2017
8.42E+17,Thu Mar 16 15:17:23 +0000 2017,RT @Moto_IND: #Uncompromise on everything that you want in a phone with the #motog5plus. Starting at Rs.14 999  only on @Flipkart. https://...,0,Twitter for Android,8.19E+17,Chunavd srigangangr,None,Pooja0949,154,973,en,16-03-2017
8.42E+17,Thu Mar 16 15:18:05 +0000 2017,RT @BestPriceOnIn: Attention everyone! The #MotoG5Plus is here. Wait no more! #Moto https://t.co/jPAin5RUYx,0,Twitter Web Client,3558008473,Vishakhapatnam  India,None,sehwag4u,14,140,en,16-03-2017
8.42E+17,Thu Mar 16 15:18:28 +0000 2017,RT @Moto_IND: #Uncompromise on everything that you want in a phone with the #motog5plus. Starting at Rs.14 999  only on @Flipkart. https://...,0,Twitter for Android,8.21E+17,Heart of salman khan,None,Faizk619,44,132,en,16-03-2017
8.42E+17,Thu Mar 16 15:20:47 +0000 2017,RT @Moto_IND: #Uncompromise on everything that you want in a phone with the #motog5plus. Starting at Rs.14 999  only on @Flipkart. https://...,0,Twitter for Android,4276141940,BIHAR  INDIA,None,subh_jha,12,4645,en,16-03-2017
8.42E+17,Thu Mar 16 15:20:47 +0000 2017,RT @Moto_IND: #Uncompromise on everything that you want in a phone with the #motog5plus. Starting at Rs.14 999  only on @Flipkart. https://...,0,Twitter for Android,8.36E+17,Kalyanpur  Bihar India,None,Anirudh26076340,15,47,en,16-03-2017
8.42E+17,Thu Mar 16 15:21:55 +0000 2017,@Shy_Srkian Hi! The #motog5plus  16 GB variant will be back in stock soon. Stay tuned for more updates!,0,Twitter for Android,2460859956,India,None,Moto_IND,387,16012,en,16-03-2017
8.42E+17,Thu Mar 16 15:22:03 +0000 2017,#motog5plus #themasksinger #FelizJueves #Grasse #BoycottHawaii #FreeAdviceIn5Words Un De Sceaux Garay Lacazette https://t.co/t5l6HvCdtb,0,Twitter Web Client,8.40E+17,N/A,None,factmaster2017,29,143,en-gb,16-03-2017
8.42E+17,Thu Mar 16 15:22:37 +0000 2017,RT @tech2eets: .@Moto_IND #MotoG5Plus launched in India; prices start from Rs 14 999 -  https://t.co/Bhj8ZkcaVO https://t.co/cNBfoWYbUY,0,Mobile Web (M5),8.00E+17,Nagercoil kanyakumari Tamil Nadu,None,jernic_roy,4,2,en-gb,16-03-2017
8.42E+17,Thu Mar 16 15:22:39 +0000 2017,RT @Moto_IND: #Uncompromise on everything that you want in a phone with the #motog5plus. Starting at Rs.14 999  only on @Flipkart. https://...,0,Mobile Web (M5),3226588885,Jaipur  Rajasthan,None,ChoudhayMadan,149,18,en,16-03-2017
8.42E+17,Thu Mar 16 15:23:02 +0000 2017,RT @Moto_IND: #Uncompromise on everything that you want in a phone with the #motog5plus. Starting at Rs.14 999  only on @Flipkart. https://...,0,Twitter Web Client,4887576318,Nagaon  India,None,alimeher86,233,481,en,16-03-2017
8.42E+17,Thu Mar 16 15:24:34 +0000 2017,@Gurpartap_ Hi. Visit https://t.co/dlODZ1z0l4 to know more about exciting launch offers! #motog5plus,0,Twitter for Android,2460859956,India,None,Moto_IND,387,16014,en,16-03-2017
8.42E+17,Thu Mar 16 15:24:40 +0000 2017,RT @Moto_IND: #Uncompromise on everything that you want in a phone with the #motog5plus. Starting at Rs.14 999  only on @Flipkart. https://...,0,Twitter for Android,8.41E+17,New Delhi  India,None,Balramdass5,38,871,en,16-03-2017
8.42E+17,Thu Mar 16 15:25:00 +0000 2017,#MotoG5Plus https://t.co/goF4RaLhVa,0,Twitter for Android,243076926,India,None,Shakti_K,1158,281,en,16-03-2017
8.42E+17,Thu Mar 16 15:25:06 +0000 2017,https://t.co/u6vLIuEzY9 #motog5plus #MaayaSeasonFinale #IndiaTodayNeedsIndiaToday #HappyRich #DeliveredAsPromised #TimeToGetSmarter,0,Twitter Web Client,8.28E+17,New Delhi  India,None,keepupurhealth,58,19,en,16-03-2017
8.42E+17,Thu Mar 16 15:25:38 +0000 2017,@Shy_Srkian Hi! Stay tuned for more updates  on this. #motog5plus.,0,Twitter for Android,2460859956,India,None,Moto_IND,387,16015,en,16-03-2017
8.42E+17,Thu Mar 16 15:27:09 +0000 2017,@vaibhavshan We have all the necessary sensors and features in the #motog5plus to provide an awesome experience!,0,Twitter for Android,2460859956,India,None,Moto_IND,387,16016,en,16-03-2017
8.42E+17,Thu Mar 16 15:27:55 +0000 2017,@amitjarimalli Hi! We have all the necessary sensors and features in the #motog5plus to provide an awesome experience.,0,Twitter for Android,2460859956,India,None,Moto_IND,387,16017,en,16-03-2017
8.42E+17,Thu Mar 16 15:29:18 +0000 2017,RT @Moto_IND: #Uncompromise on everything that you want in a phone with the #motog5plus. Starting at Rs.14 999  only on @Flipkart. https://...,0,Twitter for Android,7.06E+17,Kolkata  India world. ,None,swarup44385814,37,14,en,16-03-2017
8.42E+17,Thu Mar 16 15:29:42 +0000 2017,Motor India. https://t.co/Su2OZzZENg,0,Twitter for Android,7.06E+17,Kolkata  India world. ,None,swarup44385814,37,14,en,16-03-2017
8.42E+17,Thu Mar 16 15:30:19 +0000 2017,RT @Moto_IND: #Uncompromise on everything that you want in a phone with the #motog5plus. Starting at Rs.14 999  only on @Flipkart. https://...,0,Twitter for Android,1644984601,New Delhi  India,None,deepankgrover,195,4,en,16-03-2017
8.42E+17,Thu Mar 16 15:32:08 +0000 2017,RT @Moto_IND: #Uncompromise on everything that you want in a phone with the #motog5plus. Starting at Rs.14 999  only on @Flipkart. https://...,0,Twitter for Android,56346511,Delhi,None,AntrikshNashier,840,6934,en,16-03-2017
8.42E+17,Thu Mar 16 15:32:38 +0000 2017,Not buying @Moto_IND G5 plus coz the discount offer on @Flipkart is discrimatory &amp; only for @TheOfficialSBI card ho... https://t.co/miBnTF5AHA,0,Twitter for Android,91354476,India,None,VlVEK,569,13519,en,16-03-2017
8.42E+17,Thu Mar 16 15:33:38 +0000 2017,https://t.co/OusuBLcOkQ   #budget  https://t.co/pghGgN2dFz #FreeAdviceIn5Words  #NationalPandaDay #ThursdayThoughts 18007988320  #motog5plus,0,Twitter Web Client,556797851,New Delhi  Delhi,None,NavneetJaypee,1370,7334,en,16-03-2017
8.42E+17,Thu Mar 16 15:35:49 +0000 2017,In a nutshell : But this is not a fairy tale where the prince and the princess (or sensor and aperture) lived happi... https://t.co/cvxz0g6boJ,0,Twitter for Android,838025564,India,None,Rkiyer_com,682,21890,en,16-03-2017
8.42E+17,Thu Mar 16 15:36:09 +0000 2017,RT @advaith11yo: who is the best #young bollywood actor #RanbirKapoor #RanveerSingh #varundhawan #SidharthMalhotra #Baahubali2trailer #hond...,0,Twitter for Android,7.17E+17,Bhopal India ,None,Singer_Janvi,230,26220,en,16-03-2017
8.42E+17,Thu Mar 16 15:36:16 +0000 2017,RT @Moto_IND: #Uncompromise on everything that you want in a phone with the #motog5plus. Starting at Rs.14 999  only on @Flipkart. https://...,0,Twitter for Android,3010814616,ALWAR RAJASTHAN ,None,sudha_insan,31,23986,en,16-03-2017
8.42E+17,Thu Mar 16 15:36:46 +0000 2017,@savneetster Hi! The all new #motog5plus features a TFT IPS display.,0,Twitter for Android,2460859956,India,None,Moto_IND,387,16020,en,16-03-2017
8.42E+17,Thu Mar 16 15:36:59 +0000 2017,@geekyranjit  @Gadgets360 claims that the #motog5plus heats up quite a lot during navigation. Could u pls confirm that? Thanks.,0,Twitter Web Client,223104785,Mountain View  CA,None,TheAnandTyagi,156,411,en,16-03-2017
8.42E+17,Thu Mar 16 15:38:44 +0000 2017,@Moto_IND #motog5plus Ordered Moto G5 Plus!!!! Waiting for to be delivered!!!,0,Twitter for Windows,4673541498,Kolkata,None,Aniketptr,31,45,en,16-03-2017
8.42E+17,Thu Mar 16 15:38:53 +0000 2017,Moto G5 Plus Launched in India Available at Flipkart For Rs 14 999 Read More Here-&gt; https://t.co/8tVvONzatB... https://t.co/jC2A7FzdEv,0,Twitter Web Client,133261227,New Delhi  India,None,actorankur,4931,37209,en,16-03-2017
8.42E+17,Thu Mar 16 15:39:25 +0000 2017,RT @Moto_IND: #Uncompromise on everything that you want in a phone with the #motog5plus. Starting at Rs.14 999  only on @Flipkart. https://...,0,Twitter for Android,8.21E+17,Punjab  India,None,Jagmeet91751841,7,130,en,16-03-2017
8.42E+17,Thu Mar 16 15:40:42 +0000 2017,Are u going to buy #motog5plus from @Flipkart #HappyRich #IndiaTodayNeedsIndiaToday Tigor #Baahubali2trailer,0,Twitter for Android,2940608375,India (Bharat),None,IamPKCofficial,300,632,en,16-03-2017
8.42E+17,Thu Mar 16 15:40:44 +0000 2017,@Moto_IND #motog5plus Ordered Moto G5 Plus!!!! Waiting for ---&gt; to be delivered!!!,0,Twitter for Windows,4673541498,Kolkata,None,Aniketptr,31,45,en,16-03-2017
8.42E+17,Thu Mar 16 15:42:48 +0000 2017,@Moto_IND how many #MotoG5Plus sold in a day ?,0,Twitter for Android,2350232070,Maharashtra  India,None,Aditya5547,430,152,en,16-03-2017
8.42E+17,Thu Mar 16 15:44:02 +0000 2017,RT @Moto_IND: #Uncompromise on everything that you want in a phone with the #motog5plus. Starting at Rs.14 999  only on @Flipkart. https://...,0,Twitter for Android,2930066875,Madanapalle India,None,SaiPrakashLee29,932,1824,en,16-03-2017
8.42E+17,Thu Mar 16 15:45:37 +0000 2017,https://t.co/W8NFsZlXQC #budget https://t.co/pghGgN2dFz #FreeAdviceIn5Words  #NationalPandaDay #ThursdayThoughts  #motog5plus #BoycottHawaii,0,Twitter Web Client,556797851,New Delhi  Delhi,None,NavneetJaypee,1370,7336,en,16-03-2017
8.42E+17,Thu Mar 16 15:45:39 +0000 2017,RT @Flipkart: Most of you guessed it right! Are you guys geared up to win the #MotoG5Plus and some more exciting prizes? RT this and we wil...,0,Twitter for Android,37366191,India,None,ppathak_,190,55808,en,16-03-2017
8.42E+17,Thu Mar 16 15:47:52 +0000 2017,RT @Moto_IND: #Uncompromise on everything that you want in a phone with the #motog5plus. Starting at Rs.14 999  only on @Flipkart. https://...,0,Twitter for Android,7.31E+17,India,None,aditya_nathan7,134,124,en,16-03-2017
8.42E+17,Thu Mar 16 15:48:40 +0000 2017,@Aniketptr Woot woot! Let us know about your #motog5plus experience.,0,Twitter for Android,2460859956,India,None,Moto_IND,387,16022,en,16-03-2017
8.42E+17,Thu Mar 16 15:48:59 +0000 2017,RT @Moto_IND: #Uncompromise on everything that you want in a phone with the #motog5plus. Starting at Rs.14 999  only on @Flipkart. https://...,0,Twitter for Android,8.06E+17,Kerala  India,None,that_ams,42,14,en,16-03-2017
8.42E+17,Thu Mar 16 15:49:51 +0000 2017,RT @Moto_IND: #Uncompromise on everything that you want in a phone with the #motog5plus. Starting at Rs.14 999  only on @Flipkart. https://...,0,Twitter for Android,3258396031,Agra  Uttar Pradesh,None,Rishi77457046,1724,460,en,16-03-2017
8.42E+17,Thu Mar 16 15:50:06 +0000 2017,@Moto_IND New Lyf brand is not added in exchange phone model list...I have Lyf water 7 for exchange..#MotoG5Plus,0,Twitter for Android,2418414072,Bharat,None,rashtra_prem,241,6596,en,16-03-2017
8.42E+17,Thu Mar 16 15:50:28 +0000 2017,RT @Moto_IND: #Uncompromise on everything that you want in a phone with the #motog5plus. Starting at Rs.14 999  only on @Flipkart. https://...,0,Twitter for iPhone,8.38E+17,Thirukkuvalai  India,None,Mohan9092161375,572,575,en,16-03-2017
8.42E+17,Thu Mar 16 15:52:04 +0000 2017,https://t.co/qRFZtMo62m #MotoG5Plus,0,Twitter for Android,225871068,india,None,madanmanjhi,33,59,en,16-03-2017
8.42E+17,Thu Mar 16 15:52:37 +0000 2017,RT @amitbhawani: Only positive reviews for #MotoG5Plus!  Hehe not surprised because that s how lenovo works  share devices with those who t...,0,Twitter for Android,2435152332,New Delhi India,None,Jithin_phoenix,618,1136,en,16-03-2017
8.42E+17,Thu Mar 16 15:52:38 +0000 2017,RT @Moto_IND: #Uncompromise on everything that you want in a phone with the #motog5plus. Starting at Rs.14 999  only on @Flipkart. https://...,0,Twitter for Android,7.39E+17,New Delhi  India,None,ravisingh_05,34,76,en,16-03-2017
8.42E+17,Thu Mar 16 15:52:40 +0000 2017,Ordered #motog5plus for me  https://t.co/60O3nap8Z2,0,Twitter for Android,4733427108,    ,None,Gopal14796,181,1405,en,16-03-2017
8.42E+17,Thu Mar 16 15:52:45 +0000 2017,Friend has phone with screen scratches was doubtful about getting exchange offer for #MotoG5Plus @Flipkart Asked to... https://t.co/FeaTIFRMk3,0,Twitter for Android,78893127,Kerala/Mysore,None,sekhars88,8,4360,en,16-03-2017
8.42E+17,Thu Mar 16 15:53:27 +0000 2017,RT @Moto_IND: #Uncompromise on everything that you want in a phone with the #motog5plus. Starting at Rs.14 999  only on @Flipkart. https://...,0,Twitter for Android,7.82E+17,Coimbatore ,None,siva14121997,117,1145,en,16-03-2017
8.42E+17,Thu Mar 16 15:53:34 +0000 2017,RT @Moto_IND: #Uncompromise on everything that you want in a phone with the #motog5plus. Starting at Rs.14 999  only on @Flipkart. https://...,0,Twitter for Android,2347296824,Tughlakabad  New Delhi,None,sam_pitroda1991,67,48,en,16-03-2017
8.42E+17,Thu Mar 16 15:54:16 +0000 2017,CAN YOU name this European landmark? Correct guesses = bragging rights. #motog5Plus #LenovoIN... https://t.co/WZvSucBWbH,0,VoiceStorm,190539851,Fresno  CA,None,NerdFamily,32,1708,en,16-03-2017
8.42E+17,Thu Mar 16 15:54:16 +0000 2017,CAN YOU name this European landmark? Correct guesses = bragging rights. #motog5Plus #LenovoIN... https://t.co/KsRc2tZ1hh,0,VoiceStorm,18112154,Fresno  CA,None,NerdMom,1267,41533,en,16-03-2017
8.42E+17,Thu Mar 16 15:55:12 +0000 2017,RT @Moto_IND: #Uncompromise on everything that you want in a phone with the #motog5plus. Starting at Rs.14 999  only on @Flipkart. https://...,0,Twitter for Android,253565485,  haryana,None,ankitjindal5005,11,1229,en,16-03-2017
8.42E+17,Thu Mar 16 15:55:32 +0000 2017,RT @Fofa_SBL: plz listen https://t.co/j5iCHiCLnS  FLW PLZ @SuhilaBnLachhab https://t.co/fpDdZNJ7WA #SouhilaBenLachhab #PrayForPeru #...,0,Twitter for Android,3089994683,Alger                         ,None,SBen2014,73,55565,fr,16-03-2017
8.42E+17,Thu Mar 16 15:57:30 +0000 2017,Bought #MotoG5Plus 4GB model for under 11500 exchanging #Iphone5 with #sbi card offer. A very good bargain #Flipkart,0,Twitter for Android,78893127,Kerala/Mysore,None,sekhars88,8,4361,en,16-03-2017
8.42E+17,Thu Mar 16 15:57:39 +0000 2017,RT @Moto_IND: #Uncompromise on everything that you want in a phone with the #motog5plus. Starting at Rs.14 999  only on @Flipkart. https://...,0,Twitter for Android,8.31E+17,Najafgarh  New Delhi,None,Mutantgroup1,518,720,en,16-03-2017
8.42E+17,Thu Mar 16 15:57:50 +0000 2017,@Moto_IND @Flipkart #Uncompromise no compass sensor in #MotoG5Plus it was missing in g4 why?,0,Twitter for Android,77532865,Pune  India,None,amitjarimalli,257,111,en,16-03-2017
8.42E+17,Thu Mar 16 15:58:12 +0000 2017,#MotoG5Plus its tooo cool,0,Twitter Web Client,8.13E+17,New York  NY,None,FlixToons,1299,404,en,16-03-2017
8.42E+17,Thu Mar 16 15:58:59 +0000 2017,@Moto_IND @Flipkart Ordered #MotoG5Plus midnight yesterday (22 hours ago) But not packed or dispatched yet. no progress on my order.,0,Twitter Web Client,16708202,India,None,ggmittal,673,223,en,16-03-2017
8.42E+17,Thu Mar 16 16:00:41 +0000 2017,RT @Moto_IND: #uncompromise on a precision-crafted metal design with the new #motog5plus. Buy from @Flipkart  starting Rs 14 999!... ,0,Twitter for Android,4656024943,Chennimalai  India,None,ragavadina,267,2453,en,16-03-2017
8.42E+17,Thu Mar 16 16:01:03 +0000 2017,RT @Moto_IND: #Uncompromise on everything that you want in a phone with the #motog5plus. Starting at Rs.14 999  only on @Flipkart. https://...,0,Twitter for Android,5938472,Agarbatti Airstrip,None,rsrikanth05,342,134587,en,16-03-2017
8.42E+17,Thu Mar 16 16:02:31 +0000 2017,RT @Moto_IND: #Uncompromise on everything that you want in a phone with the #motog5plus. Starting at Rs.14 999  only on @Flipkart. https://...,0,Twitter for Android,8.39E+17,   ,None,AmaanRoy1,131,15,en,16-03-2017
8.42E+17,Thu Mar 16 16:02:38 +0000 2017,RT @Moto_IND: #Uncompromise on everything that you want in a phone with the #motog5plus. Starting at Rs.14 999  only on @Flipkart. https://...,0,Twitter for Android,2182370863,Kolkata  West Bengal.,None,TamoghnaP,1369,1666,en,16-03-2017
8.42E+17,Thu Mar 16 16:04:16 +0000 2017,The Specifications &amp; Highlights that make #MotoG5Plus an attractive #Smartphone https://t.co/jqhK2UdnwX via @Jy0tiAr0ra #motog5plus,0,Twitter Web Client,228823061,India,None,Jy0tiAr0ra,521,16026,en,16-03-2017
8.42E+17,Thu Mar 16 16:05:17 +0000 2017,RT @Moto_IND: #Uncompromise on everything that you want in a phone with the #motog5plus. Starting at Rs.14 999  only on @Flipkart. https://...,0,Twitter for Android,4656024943,Chennimalai  India,None,ragavadina,267,2466,en,16-03-2017
8.42E+17,Thu Mar 16 16:05:25 +0000 2017,RT @Moto_IND: #Uncompromise on everything that you want in a phone with the #motog5plus. Starting at Rs.14 999  only on @Flipkart. https://...,0,Twitter for Android,1042016882,Ahmedabad Gujarat,None,PruthvishPandya,1316,9478,en,16-03-2017
8.42E+17,Thu Mar 16 16:05:34 +0000 2017,RT @abpnewstv: #MotoG5Plus launched in India: Price  release date  specifications and more https://t.co/CfewA0tom0 https://t.co/LyK8N3p76H,0,Twitter for Android,1042016882,Ahmedabad Gujarat,None,PruthvishPandya,1316,9479,en,16-03-2017
8.42E+17,Thu Mar 16 16:05:34 +0000 2017,RT @tech2eets: #MotoG5Plus first impressions: The Moto G series in metal  https://t.co/bLyrddGYv9 @Moto_IND https://t.co/cSxucoJGtc,0,Twitter for Android,1042016882,Ahmedabad Gujarat,None,PruthvishPandya,1316,9480,en,16-03-2017
8.42E+17,Thu Mar 16 16:05:39 +0000 2017,RT @hitechup: The @Moto_IND #MotoG5Plus Pricing : 3+16 GB - 14 999; 4+32GB -  16 999 https://t.co/1mLOMzGduL,0,Twitter for Android,1042016882,Ahmedabad Gujarat,None,PruthvishPandya,1316,9481,en,16-03-2017
8.42E+17,Thu Mar 16 16:05:51 +0000 2017,RT @Moto_IND: #uncompromise on a precision-crafted metal design with the new #motog5plus. Buy from @Flipkart  starting Rs 14 999!... ,0,Twitter for Android,1851102890,Mumbai,None,rsrajdeepsingh,357,7222,en,16-03-2017
8.42E+17,Thu Mar 16 16:05:54 +0000 2017,RT @aatechnology_in: Lot of videos coming your way :) #MotoG5Plus https://t.co/nwzoPf0gTF,0,Twitter for Android,1042016882,Ahmedabad Gujarat,None,PruthvishPandya,1316,9482,en,16-03-2017
8.42E+17,Thu Mar 16 16:05:59 +0000 2017,RT @SachinSACHlN: Time when words make sense   #SachinSachin #MotoG5Plus #IndianIdolNahid #ComedyDialogues #NFBA2017... ,0,Twitter for Android,1042016882,Ahmedabad Gujarat,None,PruthvishPandya,1316,9483,en,16-03-2017
8.42E+17,Thu Mar 16 16:06:12 +0000 2017,RT @Moto_IND: #Uncompromise on everything that you want in a phone with the #motog5plus. Starting at Rs.14 999  only on @Flipkart. https://...,0,Twitter for Android,8.05E+17,Patna  India,None,subhamneeve,401,159,en,16-03-2017
8.42E+17,Thu Mar 16 16:07:44 +0000 2017,RT @Moto_IND: #Uncompromise on everything that you want in a phone with the #motog5plus. Starting at Rs.14 999  only on @Flipkart. https://...,0,Twitter for Android,8.40E+17,Mumbai  India,None,imMpalsani,173,31,en,16-03-2017
8.42E+17,Thu Mar 16 16:07:47 +0000 2017,The The highlights of #MotoG5Plus : https://t.co/WTH10lIOaC  #motog5plus #Uncompromise https://t.co/Kn5NGri2SG,0,Twitter Web Client,228823061,India,None,Jy0tiAr0ra,521,16027,en,16-03-2017
8.42E+17,Thu Mar 16 16:08:10 +0000 2017,@Flipkart What about refund policy on #MotoG5Plus ?? What if I don t like it and want to return it ?,0,Twitter Web Client,447999382,Tirupathi,None,pavanvvs,163,1479,en,16-03-2017
8.42E+17,Thu Mar 16 16:08:33 +0000 2017,@S_S_Kr @Flipkart @Moto_IND But none have the camera like #MotoG5Plus and being a #moto fan can t even think of any other brands :),0,Twitter Web Client,94257786,New Delhi  India,None,DebjitSen,1234,6484,en,16-03-2017
8.42E+17,Thu Mar 16 16:09:08 +0000 2017,@Flipkart Refund policy is the only thing that s bugging me of buying #MotoG5Plus Can someone shed some light ?,0,Twitter Web Client,447999382,Tirupathi,None,pavanvvs,163,1480,en,16-03-2017
8.42E+17,Thu Mar 16 16:10:51 +0000 2017,#jubjub #GoodNewsIn5Words #IndvAus #MotoG5Plus #ThursdayThoughts #CNNTownhall #SPM2016 #beautiful... https://t.co/AmzqPUViaH,0,Twitter for Android,7.05E+17,Washington  DC,None,lisa_cardon,2365,21453,en,16-03-2017
8.42E+17,Thu Mar 16 16:10:52 +0000 2017,RT @Moto_IND: #Uncompromise on everything that you want in a phone with the #motog5plus. Starting at Rs.14 999  only on @Flipkart. https://...,0,Twitter for Android,2361346298,Satara  India,None,iamAshu_N,293,831,en,16-03-2017
8.42E+17,Thu Mar 16 16:13:03 +0000 2017,RT @Moto_IND: #Uncompromise on everything that you want in a phone with the #motog5plus. Starting at Rs.14 999  only on @Flipkart. https://...,0,Twitter Web Client,7.53E+17,New Delhi  India,None,Anjali_Mehta009,463,466,en,16-03-2017
8.42E+17,Thu Mar 16 16:14:14 +0000 2017,RT @Moto_IND: #Uncompromise on everything that you want in a phone with the #motog5plus. Starting at Rs.14 999  only on @Flipkart. https://...,0,Twitter for Android,3137910469,Pune  India,None,ShubhUpadhyay53,294,2914,en,16-03-2017
8.42E+17,Thu Mar 16 16:16:14 +0000 2017,@geekyranjit can you please do the heat comparison of #MotoG5Plus with #MotoG4Plus because g4plus heated a lot.,0,Twitter for Android,2233286477,Bhopal  India,None,manitshubham,51,34,en,16-03-2017
8.42E+17,Thu Mar 16 16:16:40 +0000 2017,RT @Moto_IND: #Uncompromise on everything that you want in a phone with the #motog5plus. Starting at Rs.14 999  only on @Flipkart. https://...,0,Twitter for Android,7.85E+17,Earth,None,MridulMatt,1087,431,en,16-03-2017
8.42E+17,Thu Mar 16 16:17:16 +0000 2017,RT @Moto_IND: #Uncompromise on everything that you want in a phone with the #motog5plus. Starting at Rs.14 999  only on @Flipkart. https://...,0,Twitter for Android,453777957,Hyderabad  India,None,YLR11590,550,17470,en,16-03-2017
8.42E+17,Thu Mar 16 16:17:29 +0000 2017,Jy0tiAr0ra: The Specifications &amp; Highlights that make #MotoG5Plus an attractive #Smartphone https://t.co/dJVw1HCJjj via Jy0tiAr0ra #motog5...,0,IFTTT,2370371762,India,None,TechnoTreats,47,1696,en,16-03-2017
8.42E+17,Thu Mar 16 16:17:30 +0000 2017,Jy0tiAr0ra: The The highlights of #MotoG5Plus : https://t.co/fv11UD6lRW  #motog5plus #Uncompromise https://t.co/CvtfnAmzPT,0,IFTTT,2370371762,India,None,TechnoTreats,47,1697,en,16-03-2017
8.42E+17,Thu Mar 16 16:18:19 +0000 2017,#motog5plus bit overrated. Relatively #RedmiNote4 is cheap &amp; has similar specifications plus large screen big battery bt moto camera quality,0,Twitter Web Client,837606096,INDIA i.e. BHARATH -KARNATAKA,None,ShreyankaRanade,11,1015,en,16-03-2017
8.42E+17,Thu Mar 16 16:19:27 +0000 2017,RT @advaith11yo: who is the best #young bollywood actor #RanbirKapoor #RanveerSingh #varundhawan #SidharthMalhotra #Baahubali2trailer #hond...,0,Mobile Web (M5),3316690186,Varun s dream,None,Aarti_dvn,140,28166,en,16-03-2017
8.42E+17,Thu Mar 16 16:19:28 +0000 2017,berozgar symbiosis sims chokra khojta naukri..delhi bangalore mae..hmmm.. #motog5plus,0,Mobile Web (M5),3164929730,Delhi,None,LandemLand,638,9708,en,16-03-2017
8.42E+17,Thu Mar 16 16:20:00 +0000 2017,Buy #motog5plus at Rs 16 999 | Last few hours left for Launch Day Offers. #Flipkart https://t.co/6o4ccxkgc3 https://t.co/K055JJ3T01,0,Buffer,3013103874,Chennai,None,FlashSaleTricks,2150,10260,en,16-03-2017
8.42E+17,Thu Mar 16 16:20:07 +0000 2017,I  Moto phone because  of its unique style but now Moto start copying Apple  new features are cOol but just cop... https://t.co/z4WxhIYgWe,0,Twitter for Android,7.02E+17,Meerut  India,None,KillERAksHuN1,134,507,en,16-03-2017
8.42E+17,Thu Mar 16 16:20:13 +0000 2017,RT @Moto_IND: #Uncompromise on everything that you want in a phone with the #motog5plus. Starting at Rs.14 999  only on @Flipkart. https://...,0,Twitter for Android,214840359,India ,None,ennui121,609,3936,en,16-03-2017
8.42E+17,Thu Mar 16 16:20:53 +0000 2017,#EVMBahanaBrigade #IslamicTerrorPush  BUY Levi s Men T shirt very reasonable rate  https://t.co/MElzOKRd8c,0,Twitter for Android,7.89E+17,New Delhi  India,None,TeamLokeshKumri,37,899,en,16-03-2017
8.42E+17,Thu Mar 16 16:20:58 +0000 2017,Rate BAAHUBALI2 TRAILER #Baahubali2trailer #BoycottHawaii #BeforeTheInternetExisted #WendysBracket #MillennialDisney #MotoG5Plus #IndvAus,0,Twitter for Android,2918770094,lakshmi nagar erode,None,Bharathsupergbk,1450,31668,en,16-03-2017
8.42E+17,Thu Mar 16 16:21:17 +0000 2017,@Flipkart  Invited all my friends  Gave my best team hope i win this time.    #MotoG5Plus #CrazyForMotoG5Plus https://t.co/u9hEEFqH7f,0,Twitter for Android,206071462,Mumbai  India,None,yashvig009,987,35624,en,16-03-2017
8.42E+17,Thu Mar 16 16:21:52 +0000 2017,RT @advaith11yo: who is the best #young bollywood actor #RanbirKapoor #RanveerSingh #varundhawan #SidharthMalhotra #Baahubali2trailer #hond...,0,Twitter for Android,7.35E+17,Karachi  Pakistan,None,DuaaArshad1,142,13583,en,16-03-2017
8.42E+17,Thu Mar 16 16:22:50 +0000 2017,What an ugly #MotoG5Plus ad on @timesofindia today..yuk https://t.co/bfygRSjOe6,0,Twitter for Android,15600886,Bangalore,None,jaiber,56,330,en,16-03-2017
8.42E+17,Thu Mar 16 16:23:00 +0000 2017,RT @advaith11yo: who is the best #young bollywood actor #RanbirKapoor #RanveerSingh #varundhawan #SidharthMalhotra #Baahubali2trailer #hond...,0,Twitter for Android,7.11E+17,Uttar Pradesh  India,None,Sarthakg18,101,21878,en,16-03-2017
